amp_window,score_window,diff_order,quantile,threshold,precision,recall,f1,TP,FP,FN,pred_count
7,31,0,0.96,2.051466500961035,0.25,0.45454545454545453,0.3225806451612903,5,15,6,20
9,27,0,0.96,1.8024458206839968,0.25,0.45454545454545453,0.3225806451612903,5,15,6,20
9,31,0,0.96,1.8999480018286101,0.25,0.45454545454545453,0.3225806451612903,5,15,6,20
11,31,0,0.96,2.0327235869552576,0.25,0.45454545454545453,0.3225806451612903,5,15,6,20
7,31,0,0.97,2.18081658508432,0.26666666666666666,0.36363636363636365,0.30769230769230765,4,11,7,15
7,27,1,0.97,2.641461450519291,0.26666666666666666,0.36363636363636365,0.30769230769230765,4,11,7,15
11,31,1,0.97,2.9802963446484743,0.26666666666666666,0.36363636363636365,0.30769230769230765,4,11,7,15
3,31,1,0.97,2.317599027947756,0.26666666666666666,0.36363636363636365,0.30769230769230765,4,11,7,15
3,31,0,0.97,2.2066155629276234,0.26666666666666666,0.36363636363636365,0.30769230769230765,4,11,7,15
11,31,0,0.97,2.2560833238851297,0.26666666666666666,0.36363636363636365,0.30769230769230765,4,11,7,15
7,31,1,0.97,2.722659729834775,0.26666666666666666,0.36363636363636365,0.30769230769230765,4,11,7,15
5,27,1,0.97,2.409965557650609,0.26666666666666666,0.36363636363636365,0.30769230769230765,4,11,7,15
9,27,1,0.97,2.431490898405729,0.26666666666666666,0.36363636363636365,0.30769230769230765,4,11,7,15
5,27,0,0.97,1.917819111965347,0.26666666666666666,0.36363636363636365,0.30769230769230765,4,11,7,15
5,31,1,0.97,2.4315464385520373,0.26666666666666666,0.36363636363636365,0.30769230769230765,4,11,7,15
9,27,0,0.97,1.8777469429770923,0.26666666666666666,0.36363636363636365,0.30769230769230765,4,11,7,15
3,27,1,0.97,2.171751613351535,0.26666666666666666,0.36363636363636365,0.30769230769230765,4,11,7,15
9,31,0,0.97,2.145388462164945,0.26666666666666666,0.36363636363636365,0.30769230769230765,4,11,7,15
3,27,0,0.97,1.9473511351476556,0.26666666666666666,0.36363636363636365,0.30769230769230765,4,11,7,15
9,31,1,0.97,2.4862664664012004,0.26666666666666666,0.36363636363636365,0.30769230769230765,4,11,7,15
5,31,0,0.97,2.0961612446271465,0.26666666666666666,0.36363636363636365,0.30769230769230765,4,11,7,15
7,31,0,0.94,1.6426382010977958,0.20689655172413793,0.5454545454545454,0.3,6,23,5,29
11,31,0,0.94,1.7790971891293539,0.20689655172413793,0.5454545454545454,0.3,6,23,5,29
9,31,0,0.94,1.7779905689577482,0.20689655172413793,0.5454545454545454,0.3,6,23,5,29
3,31,0,0.94,1.6120041422262519,0.20689655172413793,0.5454545454545454,0.3,6,23,5,29
3,31,0,0.92,1.4615284116528366,0.1794871794871795,0.6363636363636364,0.28,7,32,4,39
9,31,0,0.92,1.518397711687915,0.1794871794871795,0.6363636363636364,0.28,7,32,4,39
7,31,0,0.95,1.82046579311093,0.2,0.45454545454545453,0.2777777777777778,5,20,6,25
11,27,1,0.95,1.6852544388626625,0.2,0.45454545454545453,0.2777777777777778,5,20,6,25
7,31,1,0.95,1.8737478571476964,0.2,0.45454545454545453,0.2777777777777778,5,20,6,25
5,31,1,0.95,1.7298583613384642,0.2,0.45454545454545453,0.2777777777777778,5,20,6,25
9,31,0,0.95,1.8447378401867514,0.2,0.45454545454545453,0.2777777777777778,5,20,6,25
9,27,0,0.95,1.6657261612496919,0.2,0.45454545454545453,0.2777777777777778,5,20,6,25
5,31,0,0.95,1.789697597623175,0.2,0.45454545454545453,0.2777777777777778,5,20,6,25
3,31,1,0.95,1.6923569833227052,0.2,0.45454545454545453,0.2777777777777778,5,20,6,25
9,31,1,0.95,1.8448907136022734,0.2,0.45454545454545453,0.2777777777777778,5,20,6,25
11,31,0,0.95,1.914572377436543,0.2,0.45454545454545453,0.2777777777777778,5,20,6,25
7,27,0,0.95,1.6427434941771957,0.2,0.45454545454545453,0.2777777777777778,5,20,6,25
11,31,1,0.95,1.7452186623465868,0.2,0.45454545454545453,0.2777777777777778,5,20,6,25
9,31,0,0.9,1.3645325826382697,0.16326530612244897,0.7272727272727273,0.26666666666666666,8,41,3,49
7,31,0,0.9,1.378499792741731,0.16326530612244897,0.7272727272727273,0.26666666666666666,8,41,3,49
7,27,0,0.96,1.8088303834378971,0.2,0.36363636363636365,0.25806451612903225,4,16,7,20
7,21,1,0.96,1.9515602863233281,0.2,0.36363636363636365,0.25806451612903225,4,16,7,20
5,27,1,0.96,1.9708360773646882,0.2,0.36363636363636365,0.25806451612903225,4,16,7,20
9,27,1,0.96,2.04882335913343,0.2,0.36363636363636365,0.25806451612903225,4,16,7,20
7,27,1,0.96,1.986018776609099,0.2,0.36363636363636365,0.25806451612903225,4,16,7,20
11,27,1,0.96,2.2871221419155385,0.2,0.36363636363636365,0.25806451612903225,4,16,7,20
3,31,0,0.96,1.9190088217388275,0.2,0.36363636363636365,0.25806451612903225,4,16,7,20
7,31,1,0.96,2.004370110433518,0.2,0.36363636363636365,0.25806451612903225,4,16,7,20
3,27,0,0.96,1.8564736261761086,0.2,0.36363636363636365,0.25806451612903225,4,16,7,20
3,21,1,0.96,1.5815959433823,0.2,0.36363636363636365,0.25806451612903225,4,16,7,20
5,31,1,0.96,1.9790659542695646,0.2,0.36363636363636365,0.25806451612903225,4,16,7,20
5,31,0,0.96,1.91788270922755,0.2,0.36363636363636365,0.25806451612903225,4,16,7,20
9,21,1,0.96,1.9949358987157215,0.2,0.36363636363636365,0.25806451612903225,4,16,7,20
5,21,1,0.96,1.9100098049650536,0.2,0.36363636363636365,0.25806451612903225,4,16,7,20
9,31,1,0.96,2.042711950421255,0.2,0.36363636363636365,0.25806451612903225,4,16,7,20
5,27,0,0.96,1.7518648827268033,0.2,0.36363636363636365,0.25806451612903225,4,16,7,20
3,27,1,0.96,1.8287173811826472,0.2,0.36363636363636365,0.25806451612903225,4,16,7,20
3,31,1,0.96,1.9805840753994652,0.2,0.36363636363636365,0.25806451612903225,4,16,7,20
11,27,0,0.96,1.8791404631948907,0.2,0.36363636363636365,0.25806451612903225,4,16,7,20
11,31,1,0.96,2.234353139435337,0.2,0.36363636363636365,0.25806451612903225,4,16,7,20
9,27,0,0.94,1.5502788176749345,0.1724137931034483,0.45454545454545453,0.25000000000000006,5,24,6,29
11,27,1,0.94,1.5230897762544682,0.1724137931034483,0.45454545454545453,0.25000000000000006,5,24,6,29
11,27,0,0.94,1.644642365214587,0.1724137931034483,0.45454545454545453,0.25000000000000006,5,24,6,29
11,31,1,0.94,1.593920517436011,0.1724137931034483,0.45454545454545453,0.25000000000000006,5,24,6,29
5,27,1,0.94,1.5259287980333127,0.1724137931034483,0.45454545454545453,0.25000000000000006,5,24,6,29
9,31,1,0.94,1.7097671238855963,0.1724137931034483,0.45454545454545453,0.25000000000000006,5,24,6,29
5,27,0,0.94,1.5536727366039862,0.1724137931034483,0.45454545454545453,0.25000000000000006,5,24,6,29
9,27,1,0.94,1.5597289209850904,0.1724137931034483,0.45454545454545453,0.25000000000000006,5,24,6,29
7,31,1,0.94,1.7282999716895175,0.1724137931034483,0.45454545454545453,0.25000000000000006,5,24,6,29
3,27,1,0.94,1.459224496358145,0.1724137931034483,0.45454545454545453,0.25000000000000006,5,24,6,29
7,27,0,0.94,1.4761583372410392,0.1724137931034483,0.45454545454545453,0.25000000000000006,5,24,6,29
3,31,1,0.94,1.5652875823899877,0.1724137931034483,0.45454545454545453,0.25000000000000006,5,24,6,29
5,31,0,0.94,1.69876424114029,0.1724137931034483,0.45454545454545453,0.25000000000000006,5,24,6,29
5,31,1,0.94,1.628455658370392,0.1724137931034483,0.45454545454545453,0.25000000000000006,5,24,6,29
3,27,1,0.92,1.3088679882869807,0.15384615384615385,0.5454545454545454,0.24000000000000002,6,33,5,39
7,27,0,0.92,1.353280175745367,0.15384615384615385,0.5454545454545454,0.24000000000000002,6,33,5,39
11,31,0,0.92,1.6500491108552997,0.15384615384615385,0.5454545454545454,0.24000000000000002,6,33,5,39
11,27,0,0.92,1.4935006884098583,0.15384615384615385,0.5454545454545454,0.24000000000000002,6,33,5,39
7,31,0,0.92,1.508448389250581,0.15384615384615385,0.5454545454545454,0.24000000000000002,6,33,5,39
5,31,1,0.92,1.3676026241913364,0.15384615384615385,0.5454545454545454,0.24000000000000002,6,33,5,39
3,31,1,0.92,1.4434647465265928,0.15384615384615385,0.5454545454545454,0.24000000000000002,6,33,5,39
7,31,1,0.92,1.3834144349629678,0.15384615384615385,0.5454545454545454,0.24000000000000002,6,33,5,39
7,27,1,0.92,1.30585216237257,0.15384615384615385,0.5454545454545454,0.24000000000000002,6,33,5,39
9,27,0,0.92,1.4005091183316616,0.15384615384615385,0.5454545454545454,0.24000000000000002,6,33,5,39
11,31,1,0.92,1.423758286318858,0.15384615384615385,0.5454545454545454,0.24000000000000002,6,33,5,39
5,27,1,0.92,1.308266654883863,0.15384615384615385,0.5454545454545454,0.24000000000000002,6,33,5,39
5,31,0,0.92,1.4738434481961717,0.15384615384615385,0.5454545454545454,0.24000000000000002,6,33,5,39
3,27,0,0.92,1.3279892484309577,0.15384615384615385,0.5454545454545454,0.24000000000000002,6,33,5,39
5,27,0,0.92,1.371521536084263,0.15384615384615385,0.5454545454545454,0.24000000000000002,6,33,5,39
3,31,0,0.9,1.3130158205877596,0.14285714285714285,0.6363636363636364,0.23333333333333328,7,42,4,49
11,31,0,0.9,1.338076485404495,0.14285714285714285,0.6363636363636364,0.23333333333333328,7,42,4,49
5,31,0,0.9,1.356270849783341,0.14285714285714285,0.6363636363636364,0.23333333333333328,7,42,4,49
3,27,0,0.9,1.1690258590516842,0.14285714285714285,0.6363636363636364,0.23333333333333328,7,42,4,49
7,31,1,0.9,1.1699722808708075,0.14285714285714285,0.6363636363636364,0.23333333333333328,7,42,4,49
9,27,0,0.9,1.2660796359506414,0.14285714285714285,0.6363636363636364,0.23333333333333328,7,42,4,49
11,27,0,0.9,1.2485601136953224,0.14285714285714285,0.6363636363636364,0.23333333333333328,7,42,4,49
9,31,0,0.88,1.176706208227109,0.13793103448275862,0.7272727272727273,0.23188405797101447,8,50,3,58
7,31,0,0.88,1.2487939278187308,0.13793103448275862,0.7272727272727273,0.23188405797101447,8,50,3,58
5,31,0,0.88,1.2391585473286817,0.13793103448275862,0.7272727272727273,0.23188405797101447,8,50,3,58
11,31,0,0.88,1.1810928078576417,0.13793103448275862,0.7272727272727273,0.23188405797101447,8,50,3,58
3,21,1,0.97,2.0650038993725426,0.2,0.2727272727272727,0.23076923076923075,3,12,8,15
3,7,1,0.97,1.7036917769630726,0.2,0.2727272727272727,0.23076923076923075,3,12,8,15
11,27,1,0.97,2.8895227466316564,0.2,0.2727272727272727,0.23076923076923075,3,12,8,15
9,21,1,0.97,2.3209194177770875,0.2,0.2727272727272727,0.23076923076923075,3,12,8,15
3,15,1,0.97,1.8649766202168105,0.2,0.2727272727272727,0.23076923076923075,3,12,8,15
7,27,0,0.97,1.915628013763288,0.2,0.2727272727272727,0.23076923076923075,3,12,8,15
5,7,1,0.97,1.6026819135629962,0.2,0.2727272727272727,0.23076923076923075,3,12,8,15
7,7,1,0.97,1.7728335935927173,0.2,0.2727272727272727,0.23076923076923075,3,12,8,15
5,21,1,0.97,2.413820531426277,0.2,0.2727272727272727,0.23076923076923075,3,12,8,15
7,21,1,0.97,2.4933280860354166,0.2,0.2727272727272727,0.23076923076923075,3,12,8,15
11,27,0,0.97,1.9852518127675438,0.2,0.2727272727272727,0.23076923076923075,3,12,8,15
3,27,1,0.95,1.641742936195577,0.16,0.36363636363636365,0.2222222222222222,4,21,7,25
7,21,1,0.95,1.8328151780764455,0.16,0.36363636363636365,0.2222222222222222,4,21,7,25
3,31,0,0.95,1.8462596299163962,0.16,0.36363636363636365,0.2222222222222222,4,21,7,25
5,27,1,0.95,1.6683632910927015,0.16,0.36363636363636365,0.2222222222222222,4,21,7,25
9,27,1,0.95,1.6745979403980775,0.16,0.36363636363636365,0.2222222222222222,4,21,7,25
5,27,0,0.95,1.681046232977203,0.16,0.36363636363636365,0.2222222222222222,4,21,7,25
11,27,0,0.95,1.7626357746772119,0.16,0.36363636363636365,0.2222222222222222,4,21,7,25
7,27,1,0.95,1.751747692244584,0.16,0.36363636363636365,0.2222222222222222,4,21,7,25
3,21,1,0.95,1.5199388780288352,0.16,0.36363636363636365,0.2222222222222222,4,21,7,25
5,21,1,0.95,1.5043009459542436,0.16,0.36363636363636365,0.2222222222222222,4,21,7,25
9,21,1,0.95,1.6176992729041693,0.16,0.36363636363636365,0.2222222222222222,4,21,7,25
11,21,1,0.95,1.6225969033674694,0.16,0.36363636363636365,0.2222222222222222,4,21,7,25
3,21,0,0.95,1.4071228109275744,0.16,0.36363636363636365,0.2222222222222222,4,21,7,25
3,27,0,0.95,1.624982946835171,0.16,0.36363636363636365,0.2222222222222222,4,21,7,25
9,21,0,0.95,1.4320238045455869,0.16,0.36363636363636365,0.2222222222222222,4,21,7,25
3,31,0,0.85,0.9571839146649719,0.1232876712328767,0.8181818181818182,0.2142857142857143,9,64,2,73
11,27,0,0.88,1.1032988540731645,0.1206896551724138,0.6363636363636364,0.20289855072463767,7,51,4,58
9,27,0,0.88,1.113265462382236,0.1206896551724138,0.6363636363636364,0.20289855072463767,7,51,4,58
7,27,1,0.88,0.8823950330465384,0.1206896551724138,0.6363636363636364,0.20289855072463767,7,51,4,58
7,31,1,0.88,0.9833092383294338,0.1206896551724138,0.6363636363636364,0.20289855072463767,7,51,4,58
11,31,1,0.88,1.1080187711797453,0.1206896551724138,0.6363636363636364,0.20289855072463767,7,51,4,58
9,31,1,0.88,0.9944100148709948,0.1206896551724138,0.6363636363636364,0.20289855072463767,7,51,4,58
3,27,0,0.88,1.128363272327834,0.1206896551724138,0.6363636363636364,0.20289855072463767,7,51,4,58
5,31,1,0.88,0.9868585444826723,0.1206896551724138,0.6363636363636364,0.20289855072463767,7,51,4,58
3,31,0,0.88,1.156919124749279,0.1206896551724138,0.6363636363636364,0.20289855072463767,7,51,4,58
3,31,1,0.88,1.0162997561004035,0.1206896551724138,0.6363636363636364,0.20289855072463767,7,51,4,58
5,27,0,0.88,1.15641310563915,0.1206896551724138,0.6363636363636364,0.20289855072463767,7,51,4,58
9,27,1,0.88,0.8918490040746472,0.1206896551724138,0.6363636363636364,0.20289855072463767,7,51,4,58
11,31,1,0.9,1.2713592148094197,0.12244897959183673,0.5454545454545454,0.2,6,43,5,49
11,21,1,0.94,1.4788185490146373,0.13793103448275862,0.36363636363636365,0.2,4,25,7,29
11,27,1,0.9,1.2206656944609615,0.12244897959183673,0.5454545454545454,0.2,6,43,5,49
11,21,0,0.94,1.4191667291189807,0.13793103448275862,0.36363636363636365,0.2,4,25,7,29
7,27,1,0.94,1.6476048859821493,0.13793103448275862,0.36363636363636365,0.2,4,25,7,29
9,21,0,0.94,1.3320052080065634,0.13793103448275862,0.36363636363636365,0.2,4,25,7,29
3,31,1,0.9,1.1445176197286548,0.12244897959183673,0.5454545454545454,0.2,6,43,5,49
3,21,0,0.94,1.3191655069077135,0.13793103448275862,0.36363636363636365,0.2,4,25,7,29
7,27,0,0.9,1.2671252335474525,0.12244897959183673,0.5454545454545454,0.2,6,43,5,49
7,21,1,0.94,1.3613220936987815,0.13793103448275862,0.36363636363636365,0.2,4,25,7,29
5,31,1,0.9,1.2155514184958516,0.12244897959183673,0.5454545454545454,0.2,6,43,5,49
3,27,0,0.94,1.5376511546316578,0.13793103448275862,0.36363636363636365,0.2,4,25,7,29
3,27,1,0.9,1.0955151937047385,0.12244897959183673,0.5454545454545454,0.2,6,43,5,49
7,21,0,0.94,1.3495106459915895,0.13793103448275862,0.36363636363636365,0.2,4,25,7,29
5,27,0,0.9,1.2965094020621788,0.12244897959183673,0.5454545454545454,0.2,6,43,5,49
9,27,1,0.9,1.1970460218039238,0.12244897959183673,0.5454545454545454,0.2,6,43,5,49
7,27,1,0.9,1.0592917971315088,0.12244897959183673,0.5454545454545454,0.2,6,43,5,49
3,21,1,0.94,1.4733701881471204,0.13793103448275862,0.36363636363636365,0.2,4,25,7,29
9,21,1,0.94,1.4944546742871192,0.13793103448275862,0.36363636363636365,0.2,4,25,7,29
5,21,0,0.94,1.3904235420166902,0.13793103448275862,0.36363636363636365,0.2,4,25,7,29
9,31,1,0.9,1.2187429858261527,0.12244897959183673,0.5454545454545454,0.2,6,43,5,49
5,27,1,0.9,1.1934168053211773,0.12244897959183673,0.5454545454545454,0.2,6,43,5,49
5,21,1,0.94,1.4025667365281171,0.13793103448275862,0.36363636363636365,0.2,4,25,7,29
11,21,1,0.92,1.2337673427327562,0.1282051282051282,0.45454545454545453,0.19999999999999996,5,34,6,39
7,21,1,0.92,1.1237818005879985,0.1282051282051282,0.45454545454545453,0.19999999999999996,5,34,6,39
9,21,0,0.92,1.2452027329133053,0.1282051282051282,0.45454545454545453,0.19999999999999996,5,34,6,39
7,21,0,0.92,1.1635493054728128,0.1282051282051282,0.45454545454545453,0.19999999999999996,5,34,6,39
3,21,1,0.92,1.2379407372826876,0.1282051282051282,0.45454545454545453,0.19999999999999996,5,34,6,39
9,31,1,0.92,1.4651678141506674,0.1282051282051282,0.45454545454545453,0.19999999999999996,5,34,6,39
9,27,1,0.92,1.4039481346441023,0.1282051282051282,0.45454545454545453,0.19999999999999996,5,34,6,39
11,27,1,0.92,1.3152093902277977,0.1282051282051282,0.45454545454545453,0.19999999999999996,5,34,6,39
5,15,1,0.96,1.7942050593852485,0.15,0.2727272727272727,0.19354838709677416,3,17,8,20
9,7,1,0.96,1.582037012841532,0.15,0.2727272727272727,0.19354838709677416,3,17,8,20
7,15,1,0.96,1.8203606626103979,0.15,0.2727272727272727,0.19354838709677416,3,17,8,20
11,21,0,0.96,1.5413013568306637,0.15,0.2727272727272727,0.19354838709677416,3,17,8,20
3,15,1,0.96,1.6364805063215364,0.15,0.2727272727272727,0.19354838709677416,3,17,8,20
3,7,1,0.96,1.5560190033679786,0.15,0.2727272727272727,0.19354838709677416,3,17,8,20
11,21,1,0.96,2.0511616050109787,0.15,0.2727272727272727,0.19354838709677416,3,17,8,20
3,21,0,0.96,1.4988962373974761,0.15,0.2727272727272727,0.19354838709677416,3,17,8,20
7,7,1,0.96,1.5721459782183422,0.15,0.2727272727272727,0.19354838709677416,3,17,8,20
9,21,0,0.96,1.5146633020946183,0.15,0.2727272727272727,0.19354838709677416,3,17,8,20
5,7,1,0.96,1.3786324521413509,0.15,0.2727272727272727,0.19354838709677416,3,17,8,20
11,15,1,0.96,1.910342208567026,0.15,0.2727272727272727,0.19354838709677416,3,17,8,20
11,7,1,0.96,1.6880894175720236,0.15,0.2727272727272727,0.19354838709677416,3,17,8,20
7,31,0,0.85,1.0401173205112002,0.1095890410958904,0.7272727272727273,0.19047619047619047,8,65,3,73
9,27,0,0.85,0.9130070551631103,0.1095890410958904,0.7272727272727273,0.19047619047619047,8,65,3,73
5,31,0,0.85,1.0823190277720895,0.1095890410958904,0.7272727272727273,0.19047619047619047,8,65,3,73
3,31,1,0.85,0.8518078025921657,0.1095890410958904,0.7272727272727273,0.19047619047619047,8,65,3,73
5,31,1,0.85,0.7963761134457641,0.1095890410958904,0.7272727272727273,0.19047619047619047,8,65,3,73
9,31,0,0.85,0.9586655194405672,0.1095890410958904,0.7272727272727273,0.19047619047619047,8,65,3,73
3,27,0,0.85,0.9304941441750502,0.1095890410958904,0.7272727272727273,0.19047619047619047,8,65,3,73
11,31,0,0.85,0.9517949953183601,0.1095890410958904,0.7272727272727273,0.19047619047619047,8,65,3,73
11,27,0,0.85,0.9169811796351748,0.1095890410958904,0.7272727272727273,0.19047619047619047,8,65,3,73
7,27,0,0.85,1.0176855664505429,0.1095890410958904,0.7272727272727273,0.19047619047619047,8,65,3,73
7,31,1,0.85,0.7833575941668764,0.1095890410958904,0.7272727272727273,0.19047619047619047,8,65,3,73
9,31,1,0.85,0.7858132132273496,0.1095890410958904,0.7272727272727273,0.19047619047619047,8,65,3,73
5,27,0,0.85,0.9756220244974337,0.1095890410958904,0.7272727272727273,0.19047619047619047,8,65,3,73
3,27,1,0.88,0.9718386324306704,0.10344827586206896,0.5454545454545454,0.17391304347826086,6,52,5,58
7,21,0,0.88,0.967553849383127,0.10344827586206896,0.5454545454545454,0.17391304347826086,6,52,5,58
5,21,1,0.88,0.8664744597233952,0.10344827586206896,0.5454545454545454,0.17391304347826086,6,52,5,58
11,27,1,0.88,0.9934437815686504,0.10344827586206896,0.5454545454545454,0.17391304347826086,6,52,5,58
7,27,0,0.88,1.1709489254765155,0.10344827586206896,0.5454545454545454,0.17391304347826086,6,52,5,58
9,21,0,0.88,0.954720739988831,0.10344827586206896,0.5454545454545454,0.17391304347826086,6,52,5,58
7,21,1,0.88,0.8788598681330648,0.10344827586206896,0.5454545454545454,0.17391304347826086,6,52,5,58
5,27,1,0.88,0.9883474406267092,0.10344827586206896,0.5454545454545454,0.17391304347826086,6,52,5,58
3,21,1,0.88,0.8929253346105945,0.10344827586206896,0.5454545454545454,0.17391304347826086,6,52,5,58
11,21,0,0.88,0.9830271826929421,0.10344827586206896,0.5454545454545454,0.17391304347826086,6,52,5,58
5,27,0,0.8,0.6861968072402915,0.09278350515463918,0.8181818181818182,0.16666666666666669,9,88,2,97
3,21,1,0.9,1.0429529333236853,0.10204081632653061,0.45454545454545453,0.16666666666666669,5,44,6,49
9,31,0,0.8,0.6844292333901368,0.09278350515463918,0.8181818181818182,0.16666666666666669,9,88,2,97
11,21,0,0.9,1.080728410398102,0.10204081632653061,0.45454545454545453,0.16666666666666669,5,44,6,49
11,21,1,0.9,1.1255087469847262,0.10204081632653061,0.45454545454545453,0.16666666666666669,5,44,6,49
7,27,0,0.8,0.7150697670762677,0.09278350515463918,0.8181818181818182,0.16666666666666669,9,88,2,97
11,31,0,0.8,0.6518360379943632,0.09278350515463918,0.8181818181818182,0.16666666666666669,9,88,2,97
5,21,0,0.9,1.0559135718697228,0.10204081632653061,0.45454545454545453,0.16666666666666669,5,44,6,49
7,31,0,0.8,0.7593048538435643,0.09278350515463918,0.8181818181818182,0.16666666666666669,9,88,2,97
9,21,1,0.9,1.0946116077650738,0.10204081632653061,0.45454545454545453,0.16666666666666669,5,44,6,49
9,21,0,0.9,1.08212808460394,0.10204081632653061,0.45454545454545453,0.16666666666666669,5,44,6,49
5,21,1,0.9,1.0401031581377953,0.10204081632653061,0.45454545454545453,0.16666666666666669,5,44,6,49
9,27,0,0.8,0.6684253912381904,0.09278350515463918,0.8181818181818182,0.16666666666666669,9,88,2,97
3,27,0,0.8,0.7010853482924265,0.09278350515463918,0.8181818181818182,0.16666666666666669,9,88,2,97
11,27,0,0.8,0.6645373119325378,0.09278350515463918,0.8181818181818182,0.16666666666666669,9,88,2,97
7,21,1,0.9,0.9744753609081843,0.10204081632653061,0.45454545454545453,0.16666666666666669,5,44,6,49
3,31,0,0.8,0.7099411950857941,0.09278350515463918,0.8181818181818182,0.16666666666666669,9,88,2,97
5,31,0,0.8,0.7222415816715858,0.09278350515463918,0.8181818181818182,0.16666666666666669,9,88,2,97
7,21,0,0.9,1.084528954913481,0.10204081632653061,0.45454545454545453,0.16666666666666669,5,44,6,49
7,7,1,0.95,1.370601588322992,0.12,0.2727272727272727,0.16666666666666666,3,22,8,25
11,15,1,0.95,1.7485341300555812,0.12,0.2727272727272727,0.16666666666666666,3,22,8,25
5,15,1,0.95,1.401734667678128,0.12,0.2727272727272727,0.16666666666666666,3,22,8,25
11,7,1,0.95,1.5409919969890864,0.12,0.2727272727272727,0.16666666666666666,3,22,8,25
9,7,1,0.95,1.4273650898551558,0.12,0.2727272727272727,0.16666666666666666,3,22,8,25
7,15,1,0.95,1.5766094624719031,0.12,0.2727272727272727,0.16666666666666666,3,22,8,25
7,21,0,0.95,1.415237544541625,0.12,0.2727272727272727,0.16666666666666666,3,22,8,25
3,7,1,0.95,1.4236296594778448,0.12,0.2727272727272727,0.16666666666666666,3,22,8,25
3,15,1,0.95,1.5033228593163896,0.12,0.2727272727272727,0.16666666666666666,3,22,8,25
9,15,1,0.95,1.6755372545587692,0.12,0.2727272727272727,0.16666666666666666,3,22,8,25
11,21,0,0.95,1.4864453871960328,0.12,0.2727272727272727,0.16666666666666666,3,22,8,25
11,15,0,0.95,1.340489965703234,0.12,0.2727272727272727,0.16666666666666666,3,22,8,25
5,7,1,0.95,1.34286469076718,0.12,0.2727272727272727,0.16666666666666666,3,22,8,25
11,31,1,0.85,0.7819494591716569,0.0958904109589041,0.6363636363636364,0.16666666666666663,7,66,4,73
9,21,1,0.85,0.7020276875899454,0.0958904109589041,0.6363636363636364,0.16666666666666663,7,66,4,73
9,27,1,0.85,0.7587918726487826,0.0958904109589041,0.6363636363636364,0.16666666666666663,7,66,4,73
7,27,1,0.85,0.7637354100673375,0.0958904109589041,0.6363636363636364,0.16666666666666663,7,66,4,73
11,27,1,0.85,0.8007442407089853,0.0958904109589041,0.6363636363636364,0.16666666666666663,7,66,4,73
3,21,0,0.85,0.8485533376786116,0.0958904109589041,0.6363636363636364,0.16666666666666663,7,66,4,73
9,21,0,0.85,0.7989402524979315,0.0958904109589041,0.6363636363636364,0.16666666666666663,7,66,4,73
3,27,1,0.85,0.7878013985734971,0.0958904109589041,0.6363636363636364,0.16666666666666663,7,66,4,73
5,27,1,0.85,0.7572203122823504,0.0958904109589041,0.6363636363636364,0.16666666666666663,7,66,4,73
11,21,0,0.85,0.8497411693158887,0.0958904109589041,0.6363636363636364,0.16666666666666663,7,66,4,73
5,21,1,0.85,0.7051734150206151,0.0958904109589041,0.6363636363636364,0.16666666666666663,7,66,4,73
7,15,1,0.92,1.0976156729071016,0.10256410256410256,0.36363636363636365,0.16,4,35,7,39
5,15,1,0.92,1.1709982215296966,0.10256410256410256,0.36363636363636365,0.16,4,35,7,39
9,21,1,0.92,1.2434920831018492,0.10256410256410256,0.36363636363636365,0.16,4,35,7,39
5,21,1,0.92,1.232716270176112,0.10256410256410256,0.36363636363636365,0.16,4,35,7,39
5,21,0,0.92,1.2078637664406175,0.10256410256410256,0.36363636363636365,0.16,4,35,7,39
11,15,1,0.92,1.2578430425406109,0.10256410256410256,0.36363636363636365,0.16,4,35,7,39
11,21,0,0.92,1.233241810505839,0.10256410256410256,0.36363636363636365,0.16,4,35,7,39
3,15,1,0.92,1.2397176154106593,0.10256410256410256,0.36363636363636365,0.16,4,35,7,39
3,21,0,0.92,1.1966230028024127,0.10256410256410256,0.36363636363636365,0.16,4,35,7,39
7,15,0,0.97,1.444082561836976,0.13333333333333333,0.18181818181818182,0.15384615384615383,2,13,9,15
9,15,1,0.97,2.0991703280880243,0.13333333333333333,0.18181818181818182,0.15384615384615383,2,13,9,15
11,21,0,0.97,1.7177324013057218,0.13333333333333333,0.18181818181818182,0.15384615384615383,2,13,9,15
9,21,0,0.97,1.595153319898693,0.13333333333333333,0.18181818181818182,0.15384615384615383,2,13,9,15
11,15,1,0.97,2.275027938191289,0.13333333333333333,0.18181818181818182,0.15384615384615383,2,13,9,15
5,15,1,0.97,2.0188167430526005,0.13333333333333333,0.18181818181818182,0.15384615384615383,2,13,9,15
3,11,1,0.97,1.5650362114342853,0.13333333333333333,0.18181818181818182,0.15384615384615383,2,13,9,15
3,21,0,0.97,1.5813139871903688,0.13333333333333333,0.18181818181818182,0.15384615384615383,2,13,9,15
5,21,0,0.97,1.600879782682245,0.13333333333333333,0.18181818181818182,0.15384615384615383,2,13,9,15
7,21,0,0.97,1.5476287119720842,0.13333333333333333,0.18181818181818182,0.15384615384615383,2,13,9,15
7,15,1,0.97,2.0370193256966624,0.13333333333333333,0.18181818181818182,0.15384615384615383,2,13,9,15
9,11,1,0.97,2.121085847999443,0.13333333333333333,0.18181818181818182,0.15384615384615383,2,13,9,15
7,11,1,0.97,1.8479527297516172,0.13333333333333333,0.18181818181818182,0.15384615384615383,2,13,9,15
11,11,0,0.97,1.4985578462797504,0.13333333333333333,0.18181818181818182,0.15384615384615383,2,13,9,15
5,11,1,0.97,1.806316238506649,0.13333333333333333,0.18181818181818182,0.15384615384615383,2,13,9,15
11,21,1,0.97,2.771517435196561,0.13333333333333333,0.18181818181818182,0.15384615384615383,2,13,9,15
3,15,0,0.97,1.3858129771361716,0.13333333333333333,0.18181818181818182,0.15384615384615383,2,13,9,15
9,7,1,0.97,1.873705324514816,0.13333333333333333,0.18181818181818182,0.15384615384615383,2,13,9,15
11,11,1,0.97,2.090770521064014,0.13333333333333333,0.18181818181818182,0.15384615384615383,2,13,9,15
11,7,1,0.97,1.8108027648768206,0.13333333333333333,0.18181818181818182,0.15384615384615383,2,13,9,15
9,7,1,0.94,1.341679348888331,0.10344827586206896,0.2727272727272727,0.15,3,26,8,29
9,15,0,0.94,1.2390413525328245,0.10344827586206896,0.2727272727272727,0.15,3,26,8,29
7,7,1,0.94,1.316972344250351,0.10344827586206896,0.2727272727272727,0.15,3,26,8,29
3,15,1,0.94,1.4084125293441399,0.10344827586206896,0.2727272727272727,0.15,3,26,8,29
11,15,1,0.94,1.5240779197663121,0.10344827586206896,0.2727272727272727,0.15,3,26,8,29
11,15,0,0.94,1.267189273619685,0.10344827586206896,0.2727272727272727,0.15,3,26,8,29
5,15,1,0.94,1.3469056982780403,0.10344827586206896,0.2727272727272727,0.15,3,26,8,29
11,7,1,0.94,1.3632698607669138,0.10344827586206896,0.2727272727272727,0.15,3,26,8,29
5,7,1,0.94,1.2689182214742205,0.10344827586206896,0.2727272727272727,0.15,3,26,8,29
7,15,1,0.94,1.439002462460606,0.10344827586206896,0.2727272727272727,0.15,3,26,8,29
3,7,1,0.94,1.3574529280057006,0.10344827586206896,0.2727272727272727,0.15,3,26,8,29
9,15,1,0.94,1.5293991264834028,0.10344827586206896,0.2727272727272727,0.15,3,26,8,29
11,31,1,0.8,0.5145591847675546,0.08247422680412371,0.7272727272727273,0.14814814814814814,8,89,3,97
3,27,1,0.8,0.6139339791708658,0.08247422680412371,0.7272727272727273,0.14814814814814814,8,89,3,97
5,21,0,0.8,0.6644504910370871,0.08247422680412371,0.7272727272727273,0.14814814814814814,8,89,3,97
7,27,1,0.8,0.5492164615593627,0.08247422680412371,0.7272727272727273,0.14814814814814814,8,89,3,97
11,27,1,0.8,0.5036947128824794,0.08247422680412371,0.7272727272727273,0.14814814814814814,8,89,3,97
9,27,1,0.8,0.4871841871175232,0.08247422680412371,0.7272727272727273,0.14814814814814814,8,89,3,97
9,31,1,0.8,0.5411014639676798,0.08247422680412371,0.7272727272727273,0.14814814814814814,8,89,3,97
5,31,1,0.8,0.5498897267872336,0.08247422680412371,0.7272727272727273,0.14814814814814814,8,89,3,97
3,21,0,0.8,0.6231231976664175,0.08247422680412371,0.7272727272727273,0.14814814814814814,8,89,3,97
5,27,1,0.8,0.5148299342954954,0.08247422680412371,0.7272727272727273,0.14814814814814814,8,89,3,97
7,21,0,0.8,0.6541689176238279,0.08247422680412371,0.7272727272727273,0.14814814814814814,8,89,3,97
9,21,0,0.8,0.5853492068813941,0.08247422680412371,0.7272727272727273,0.14814814814814814,8,89,3,97
11,21,0,0.8,0.5885264541702601,0.08247422680412371,0.7272727272727273,0.14814814814814814,8,89,3,97
3,31,1,0.8,0.6337492181194009,0.08247422680412371,0.7272727272727273,0.14814814814814814,8,89,3,97
7,31,1,0.8,0.5664805400869785,0.08247422680412371,0.7272727272727273,0.14814814814814814,8,89,3,97
5,21,0,0.88,0.9898892502871728,0.08620689655172414,0.45454545454545453,0.14492753623188406,5,53,6,58
9,21,1,0.88,0.9224486111209549,0.08620689655172414,0.45454545454545453,0.14492753623188406,5,53,6,58
11,21,1,0.88,0.9831356153868637,0.08620689655172414,0.45454545454545453,0.14492753623188406,5,53,6,58
3,21,0,0.88,0.9964033725603716,0.08620689655172414,0.45454545454545453,0.14492753623188406,5,53,6,58
5,21,0,0.85,0.8683950015229148,0.0821917808219178,0.5454545454545454,0.14285714285714285,6,67,5,73
11,21,1,0.85,0.7647296446399394,0.0821917808219178,0.5454545454545454,0.14285714285714285,6,67,5,73
3,21,1,0.85,0.7992424626860927,0.0821917808219178,0.5454545454545454,0.14285714285714285,6,67,5,73
7,21,0,0.85,0.8845203050849493,0.0821917808219178,0.5454545454545454,0.14285714285714285,6,67,5,73
7,21,1,0.85,0.7495808967692089,0.0821917808219178,0.5454545454545454,0.14285714285714285,6,67,5,73
7,15,1,0.9,0.9655197164968984,0.08163265306122448,0.36363636363636365,0.13333333333333333,4,45,7,49
9,15,1,0.9,1.0453218204188395,0.08163265306122448,0.36363636363636365,0.13333333333333333,4,45,7,49
11,15,1,0.9,1.0891596300951143,0.08163265306122448,0.36363636363636365,0.13333333333333333,4,45,7,49
3,15,1,0.9,1.009573607285193,0.08163265306122448,0.36363636363636365,0.13333333333333333,4,45,7,49
5,15,1,0.9,0.9287787870824104,0.08163265306122448,0.36363636363636365,0.13333333333333333,4,45,7,49
3,21,0,0.9,1.0836313246823552,0.08163265306122448,0.36363636363636365,0.13333333333333333,4,45,7,49
7,21,1,0.8,0.523027673671638,0.07216494845360824,0.6363636363636364,0.12962962962962962,7,90,4,97
9,21,1,0.8,0.45436117719113833,0.07216494845360824,0.6363636363636364,0.12962962962962962,7,90,4,97
3,21,1,0.8,0.6400759968819013,0.07216494845360824,0.6363636363636364,0.12962962962962962,7,90,4,97
5,21,1,0.8,0.5262746213189822,0.07216494845360824,0.6363636363636364,0.12962962962962962,7,90,4,97
11,21,1,0.8,0.4797264036191818,0.07216494845360824,0.6363636363636364,0.12962962962962962,7,90,4,97
7,11,1,0.96,1.6115958803946502,0.1,0.18181818181818182,0.12903225806451613,2,18,9,20
7,21,0,0.96,1.4852334688108841,0.1,0.18181818181818182,0.12903225806451613,2,18,9,20
9,11,1,0.96,1.7388532768915148,0.1,0.18181818181818182,0.12903225806451613,2,18,9,20
9,11,0,0.96,1.2597986667331025,0.1,0.18181818181818182,0.12903225806451613,2,18,9,20
7,11,0,0.96,1.2262460910658783,0.1,0.18181818181818182,0.12903225806451613,2,18,9,20
9,15,0,0.96,1.4303292861550283,0.1,0.18181818181818182,0.12903225806451613,2,18,9,20
5,21,0,0.96,1.5278562463596135,0.1,0.18181818181818182,0.12903225806451613,2,18,9,20
11,11,0,0.96,1.4147801963177495,0.1,0.18181818181818182,0.12903225806451613,2,18,9,20
11,11,1,0.96,1.767446246887007,0.1,0.18181818181818182,0.12903225806451613,2,18,9,20
5,11,1,0.96,1.5739173601403713,0.1,0.18181818181818182,0.12903225806451613,2,18,9,20
5,15,0,0.96,1.4098779242379533,0.1,0.18181818181818182,0.12903225806451613,2,18,9,20
3,15,0,0.96,1.3201109138629854,0.1,0.18181818181818182,0.12903225806451613,2,18,9,20
3,11,1,0.96,1.4911902590233899,0.1,0.18181818181818182,0.12903225806451613,2,18,9,20
11,15,0,0.96,1.444211817068073,0.1,0.18181818181818182,0.12903225806451613,2,18,9,20
9,15,1,0.96,1.926340658834511,0.1,0.18181818181818182,0.12903225806451613,2,18,9,20
7,15,0,0.96,1.3870143155222128,0.1,0.18181818181818182,0.12903225806451613,2,18,9,20
7,7,1,0.92,1.1162379484301568,0.07692307692307693,0.2727272727272727,0.12000000000000001,3,36,8,39
9,7,1,0.92,1.1356959057393137,0.07692307692307693,0.2727272727272727,0.12000000000000001,3,36,8,39
9,15,0,0.92,1.0739756063402353,0.07692307692307693,0.2727272727272727,0.12000000000000001,3,36,8,39
9,15,1,0.92,1.353147094885144,0.07692307692307693,0.2727272727272727,0.12000000000000001,3,36,8,39
7,15,0,0.92,1.0936560691948995,0.07692307692307693,0.2727272727272727,0.12000000000000001,3,36,8,39
3,7,1,0.92,1.1921253582868792,0.07692307692307693,0.2727272727272727,0.12000000000000001,3,36,8,39
11,15,0,0.92,1.1692855794803225,0.07692307692307693,0.2727272727272727,0.12000000000000001,3,36,8,39
5,11,1,0.92,1.1163061232379772,0.07692307692307693,0.2727272727272727,0.12000000000000001,3,36,8,39
3,11,1,0.92,1.1376738048089041,0.07692307692307693,0.2727272727272727,0.12000000000000001,3,36,8,39
5,7,1,0.92,1.1060591568311149,0.07692307692307693,0.2727272727272727,0.12000000000000001,3,36,8,39
11,7,1,0.92,1.099378419600782,0.07692307692307693,0.2727272727272727,0.12000000000000001,3,36,8,39
11,11,1,0.92,1.1867480430825488,0.07692307692307693,0.2727272727272727,0.12000000000000001,3,36,8,39
7,15,1,0.85,0.7165927909495939,0.0684931506849315,0.45454545454545453,0.11904761904761904,5,68,6,73
9,15,1,0.85,0.7103784969195209,0.0684931506849315,0.45454545454545453,0.11904761904761904,5,68,6,73
5,15,1,0.85,0.713042008865011,0.0684931506849315,0.45454545454545453,0.11904761904761904,5,68,6,73
3,15,0,0.85,0.7640956066197301,0.0684931506849315,0.45454545454545453,0.11904761904761904,5,68,6,73
5,15,0,0.85,0.7792184031448045,0.0684931506849315,0.45454545454545453,0.11904761904761904,5,68,6,73
5,15,0,0.88,0.888196377483494,0.06896551724137931,0.36363636363636365,0.11594202898550723,4,54,7,58
11,15,1,0.88,0.9080564770871535,0.06896551724137931,0.36363636363636365,0.11594202898550723,4,54,7,58
3,15,1,0.88,0.8710437924064351,0.06896551724137931,0.36363636363636365,0.11594202898550723,4,54,7,58
5,11,0,0.88,0.8751652894886641,0.06896551724137931,0.36363636363636365,0.11594202898550723,4,54,7,58
5,15,1,0.88,0.8307751433460359,0.06896551724137931,0.36363636363636365,0.11594202898550723,4,54,7,58
9,15,1,0.88,0.8512238746621178,0.06896551724137931,0.36363636363636365,0.11594202898550723,4,54,7,58
11,11,0,0.88,0.8464238547357316,0.06896551724137931,0.36363636363636365,0.11594202898550723,4,54,7,58
9,11,0,0.88,0.86669361223263,0.06896551724137931,0.36363636363636365,0.11594202898550723,4,54,7,58
9,15,0,0.88,0.8713686866373324,0.06896551724137931,0.36363636363636365,0.11594202898550723,4,54,7,58
7,15,0,0.88,0.8236765713368849,0.06896551724137931,0.36363636363636365,0.11594202898550723,4,54,7,58
7,15,1,0.88,0.8071015638156914,0.06896551724137931,0.36363636363636365,0.11594202898550723,4,54,7,58
3,11,0,0.88,0.8611016436026226,0.06896551724137931,0.36363636363636365,0.11594202898550723,4,54,7,58
7,11,0,0.88,0.8442724245223856,0.06896551724137931,0.36363636363636365,0.11594202898550723,4,54,7,58
5,15,1,0.8,0.48477087068620983,0.061855670103092786,0.5454545454545454,0.1111111111111111,6,91,5,97
5,21,0,0.95,1.4762430713452444,0.08,0.18181818181818182,0.1111111111111111,2,23,9,25
5,15,0,0.95,1.2684956624015775,0.08,0.18181818181818182,0.1111111111111111,2,23,9,25
5,11,1,0.8,0.4959042665232678,0.061855670103092786,0.5454545454545454,0.1111111111111111,6,91,5,97
5,11,1,0.95,1.4273372817975443,0.08,0.18181818181818182,0.1111111111111111,2,23,9,25
11,11,0,0.95,1.3359509496677962,0.08,0.18181818181818182,0.1111111111111111,2,23,9,25
11,11,1,0.95,1.5931135591906083,0.08,0.18181818181818182,0.1111111111111111,2,23,9,25
3,15,0,0.95,1.2305595429738816,0.08,0.18181818181818182,0.1111111111111111,2,23,9,25
3,15,0,0.8,0.5929183286590847,0.061855670103092786,0.5454545454545454,0.1111111111111111,6,91,5,97
9,11,0,0.95,1.2039218886901852,0.08,0.18181818181818182,0.1111111111111111,2,23,9,25
9,15,0,0.95,1.311369691770147,0.08,0.18181818181818182,0.1111111111111111,2,23,9,25
7,11,1,0.8,0.5273774881684348,0.061855670103092786,0.5454545454545454,0.1111111111111111,6,91,5,97
7,15,0,0.95,1.3205574986310569,0.08,0.18181818181818182,0.1111111111111111,2,23,9,25
7,11,1,0.95,1.514294923266561,0.08,0.18181818181818182,0.1111111111111111,2,23,9,25
7,11,0,0.95,1.151179683440133,0.08,0.18181818181818182,0.1111111111111111,2,23,9,25
3,11,1,0.95,1.4050303336322045,0.08,0.18181818181818182,0.1111111111111111,2,23,9,25
9,11,1,0.95,1.5821352179615122,0.08,0.18181818181818182,0.1111111111111111,2,23,9,25
7,11,0,0.94,1.0685972082687716,0.06896551724137931,0.18181818181818182,0.1,2,27,9,29
7,11,1,0.94,1.4299101330455395,0.06896551724137931,0.18181818181818182,0.1,2,27,9,29
9,15,0,0.9,0.965778567372646,0.061224489795918366,0.2727272727272727,0.1,3,46,8,49
7,11,1,0.9,0.995621032830075,0.061224489795918366,0.2727272727272727,0.1,3,46,8,49
9,11,1,0.94,1.4003217055135022,0.06896551724137931,0.18181818181818182,0.1,2,27,9,29
9,11,1,0.9,1.1140912848953812,0.061224489795918366,0.2727272727272727,0.1,3,46,8,49
7,15,0,0.9,0.9387569534903425,0.061224489795918366,0.2727272727272727,0.1,3,46,8,49
5,15,0,0.94,1.2169570155366223,0.06896551724137931,0.18181818181818182,0.1,2,27,9,29
3,11,1,0.9,0.9731273317688733,0.061224489795918366,0.2727272727272727,0.1,3,46,8,49
5,7,1,0.9,0.9680937385243935,0.061224489795918366,0.2727272727272727,0.1,3,46,8,49
11,15,0,0.9,1.0390783112679882,0.061224489795918366,0.2727272727272727,0.1,3,46,8,49
3,11,1,0.94,1.3134311773009752,0.06896551724137931,0.18181818181818182,0.1,2,27,9,29
11,7,1,0.9,0.9558081924563459,0.061224489795918366,0.2727272727272727,0.1,3,46,8,49
3,15,0,0.94,1.151649787751286,0.06896551724137931,0.18181818181818182,0.1,2,27,9,29
3,7,1,0.9,1.047150632383056,0.061224489795918366,0.2727272727272727,0.1,3,46,8,49
9,7,1,0.9,1.0212013270109495,0.061224489795918366,0.2727272727272727,0.1,3,46,8,49
7,15,0,0.94,1.1835588103809376,0.06896551724137931,0.18181818181818182,0.1,2,27,9,29
9,11,0,0.94,1.1382945987317654,0.06896551724137931,0.18181818181818182,0.1,2,27,9,29
7,7,1,0.9,1.0080848319014515,0.061224489795918366,0.2727272727272727,0.1,3,46,8,49
5,11,1,0.9,0.9901143529025893,0.061224489795918366,0.2727272727272727,0.1,3,46,8,49
5,11,1,0.94,1.370539497160769,0.06896551724137931,0.18181818181818182,0.1,2,27,9,29
5,15,0,0.9,0.974885601823892,0.061224489795918366,0.2727272727272727,0.1,3,46,8,49
11,11,1,0.94,1.4164004183900551,0.06896551724137931,0.18181818181818182,0.1,2,27,9,29
11,11,0,0.94,1.2197567633564175,0.06896551724137931,0.18181818181818182,0.1,2,27,9,29
11,11,1,0.9,1.0574523237838962,0.061224489795918366,0.2727272727272727,0.1,3,46,8,49
11,11,0,0.9,0.9173020125887316,0.061224489795918366,0.2727272727272727,0.1,3,46,8,49
9,15,0,0.85,0.7372967613002287,0.0547945205479452,0.36363636363636365,0.09523809523809523,4,69,7,73
7,11,1,0.85,0.7169413312896364,0.0547945205479452,0.36363636363636365,0.09523809523809523,4,69,7,73
9,11,1,0.85,0.6937573691003512,0.0547945205479452,0.36363636363636365,0.09523809523809523,4,69,7,73
7,11,0,0.85,0.742232219876459,0.0547945205479452,0.36363636363636365,0.09523809523809523,4,69,7,73
7,15,0,0.85,0.7514221408249909,0.0547945205479452,0.36363636363636365,0.09523809523809523,4,69,7,73
3,11,1,0.85,0.7731019474621112,0.0547945205479452,0.36363636363636365,0.09523809523809523,4,69,7,73
11,15,0,0.85,0.7291392696374693,0.0547945205479452,0.36363636363636365,0.09523809523809523,4,69,7,73
5,11,1,0.85,0.6806441205075078,0.0547945205479452,0.36363636363636365,0.09523809523809523,4,69,7,73
11,11,1,0.85,0.8024266582112631,0.0547945205479452,0.36363636363636365,0.09523809523809523,4,69,7,73
11,11,0,0.85,0.7018042396780659,0.0547945205479452,0.36363636363636365,0.09523809523809523,4,69,7,73
11,15,1,0.85,0.7771382590034848,0.0547945205479452,0.36363636363636365,0.09523809523809523,4,69,7,73
9,11,0,0.85,0.7248723431555972,0.0547945205479452,0.36363636363636365,0.09523809523809523,4,69,7,73
3,11,0,0.85,0.7716245395257102,0.0547945205479452,0.36363636363636365,0.09523809523809523,4,69,7,73
3,15,1,0.85,0.7769244964518851,0.0547945205479452,0.36363636363636365,0.09523809523809523,4,69,7,73
5,11,0,0.85,0.7874259641407226,0.0547945205479452,0.36363636363636365,0.09523809523809523,4,69,7,73
11,11,1,0.8,0.6216397752711581,0.05154639175257732,0.45454545454545453,0.09259259259259259,5,92,6,97
11,15,0,0.8,0.54911077048405,0.05154639175257732,0.45454545454545453,0.09259259259259259,5,92,6,97
11,15,1,0.8,0.5479203681149006,0.05154639175257732,0.45454545454545453,0.09259259259259259,5,92,6,97
3,11,1,0.8,0.5864945129187182,0.05154639175257732,0.45454545454545453,0.09259259259259259,5,92,6,97
5,15,0,0.8,0.6187814436795438,0.05154639175257732,0.45454545454545453,0.09259259259259259,5,92,6,97
3,15,1,0.8,0.5643471243382105,0.05154639175257732,0.45454545454545453,0.09259259259259259,5,92,6,97
7,15,1,0.8,0.5270181806102542,0.05154639175257732,0.45454545454545453,0.09259259259259259,5,92,6,97
9,15,1,0.8,0.4990133815442843,0.05154639175257732,0.45454545454545453,0.09259259259259259,5,92,6,97
9,11,1,0.8,0.5533169198467416,0.05154639175257732,0.45454545454545453,0.09259259259259259,5,92,6,97
9,15,0,0.8,0.5616490486591008,0.05154639175257732,0.45454545454545453,0.09259259259259259,5,92,6,97
7,15,0,0.8,0.6052221796662948,0.05154639175257732,0.45454545454545453,0.09259259259259259,5,92,6,97
3,15,0,0.88,0.891142874723072,0.05172413793103448,0.2727272727272727,0.08695652173913043,3,55,8,58
11,11,1,0.88,0.9934008681652469,0.05172413793103448,0.2727272727272727,0.08695652173913043,3,55,8,58
7,7,1,0.88,0.869105369333721,0.05172413793103448,0.2727272727272727,0.08695652173913043,3,55,8,58
9,7,1,0.88,0.8721258780190314,0.05172413793103448,0.2727272727272727,0.08695652173913043,3,55,8,58
3,11,1,0.88,0.8828324469477437,0.05172413793103448,0.2727272727272727,0.08695652173913043,3,55,8,58
11,15,0,0.88,0.8733974206916518,0.05172413793103448,0.2727272727272727,0.08695652173913043,3,55,8,58
5,7,1,0.88,0.8021858076992786,0.05172413793103448,0.2727272727272727,0.08695652173913043,3,55,8,58
5,11,1,0.88,0.8062741009462754,0.05172413793103448,0.2727272727272727,0.08695652173913043,3,55,8,58
3,7,1,0.88,0.93493231507993,0.05172413793103448,0.2727272727272727,0.08695652173913043,3,55,8,58
9,11,1,0.88,0.8478545887288104,0.05172413793103448,0.2727272727272727,0.08695652173913043,3,55,8,58
7,11,1,0.88,0.8509789155652902,0.05172413793103448,0.2727272727272727,0.08695652173913043,3,55,8,58
11,7,1,0.88,0.8967244504758597,0.05172413793103448,0.2727272727272727,0.08695652173913043,3,55,8,58
3,11,0,0.92,0.9824929573294731,0.05128205128205128,0.18181818181818182,0.08,2,37,9,39
7,11,0,0.92,0.9400192548920365,0.05128205128205128,0.18181818181818182,0.08,2,37,9,39
9,11,1,0.92,1.2396607581718833,0.05128205128205128,0.18181818181818182,0.08,2,37,9,39
9,11,0,0.92,1.0004044677564228,0.05128205128205128,0.18181818181818182,0.08,2,37,9,39
7,11,1,0.92,1.2518343969222379,0.05128205128205128,0.18181818181818182,0.08,2,37,9,39
5,11,0,0.92,1.0233872068853707,0.05128205128205128,0.18181818181818182,0.08,2,37,9,39
3,15,0,0.92,1.039981967577292,0.05128205128205128,0.18181818181818182,0.08,2,37,9,39
11,11,0,0.92,1.0483295663335273,0.05128205128205128,0.18181818181818182,0.08,2,37,9,39
5,15,0,0.92,1.05622348964818,0.05128205128205128,0.18181818181818182,0.08,2,37,9,39
3,7,0,0.97,1.5910431098669373,0.06666666666666667,0.09090909090909091,0.07692307692307691,1,14,10,15
7,7,0,0.97,1.495563474907821,0.06666666666666667,0.09090909090909091,0.07692307692307691,1,14,10,15
5,15,0,0.97,1.5579611186678355,0.06666666666666667,0.09090909090909091,0.07692307692307691,1,14,10,15
3,11,0,0.97,1.3635217082637803,0.06666666666666667,0.09090909090909091,0.07692307692307691,1,14,10,15
11,15,0,0.97,1.5179780770198883,0.06666666666666667,0.09090909090909091,0.07692307692307691,1,14,10,15
5,7,0,0.97,1.5448351050362776,0.06666666666666667,0.09090909090909091,0.07692307692307691,1,14,10,15
5,11,0,0.97,1.3535503205711217,0.06666666666666667,0.09090909090909091,0.07692307692307691,1,14,10,15
11,7,0,0.97,1.5569808080391796,0.06666666666666667,0.09090909090909091,0.07692307692307691,1,14,10,15
9,7,0,0.97,1.5075212891459187,0.06666666666666667,0.09090909090909091,0.07692307692307691,1,14,10,15
7,11,0,0.97,1.360242368004357,0.06666666666666667,0.09090909090909091,0.07692307692307691,1,14,10,15
9,11,0,0.97,1.4395676864318114,0.06666666666666667,0.09090909090909091,0.07692307692307691,1,14,10,15
9,15,0,0.97,1.488933110716605,0.06666666666666667,0.09090909090909091,0.07692307692307691,1,14,10,15
7,11,0,0.8,0.580086786117064,0.041237113402061855,0.36363636363636365,0.07407407407407407,4,93,7,97
3,11,0,0.8,0.583392346522508,0.041237113402061855,0.36363636363636365,0.07407407407407407,4,93,7,97
5,11,0,0.8,0.5553471011883764,0.041237113402061855,0.36363636363636365,0.07407407407407407,4,93,7,97
9,11,0,0.8,0.5578706664106642,0.041237113402061855,0.36363636363636365,0.07407407407407407,4,93,7,97
11,11,0,0.8,0.5068095254754627,0.041237113402061855,0.36363636363636365,0.07407407407407407,4,93,7,97
9,7,1,0.85,0.7477638224583694,0.0410958904109589,0.2727272727272727,0.07142857142857142,3,70,8,73
7,7,1,0.85,0.7643868823054307,0.0410958904109589,0.2727272727272727,0.07142857142857142,3,70,8,73
11,7,1,0.85,0.7385671508885624,0.0410958904109589,0.2727272727272727,0.07142857142857142,3,70,8,73
5,7,1,0.85,0.7315628764647969,0.0410958904109589,0.2727272727272727,0.07142857142857142,3,70,8,73
3,7,1,0.85,0.8145076170499606,0.0410958904109589,0.2727272727272727,0.07142857142857142,3,70,8,73
3,15,0,0.9,0.9901793659540059,0.04081632653061224,0.18181818181818182,0.06666666666666667,2,47,9,49
9,11,0,0.9,0.9207431400091322,0.04081632653061224,0.18181818181818182,0.06666666666666667,2,47,9,49
3,11,0,0.9,0.924016054609265,0.04081632653061224,0.18181818181818182,0.06666666666666667,2,47,9,49
5,11,0,0.9,0.9488764433836508,0.04081632653061224,0.18181818181818182,0.06666666666666667,2,47,9,49
7,11,0,0.9,0.8883099083474597,0.04081632653061224,0.18181818181818182,0.06666666666666667,2,47,9,49
11,7,0,0.96,1.4376148240111997,0.05,0.09090909090909091,0.06451612903225806,1,19,10,20
5,7,0,0.96,1.4491162291503406,0.05,0.09090909090909091,0.06451612903225806,1,19,10,20
5,11,0,0.96,1.2874194598821873,0.05,0.09090909090909091,0.06451612903225806,1,19,10,20
3,11,0,0.96,1.1899402094571307,0.05,0.09090909090909091,0.06451612903225806,1,19,10,20
3,7,0,0.96,1.4748231862208572,0.05,0.09090909090909091,0.06451612903225806,1,19,10,20
9,7,0,0.96,1.3607474879613781,0.05,0.09090909090909091,0.06451612903225806,1,19,10,20
7,7,0,0.96,1.4158136088594775,0.05,0.09090909090909091,0.06451612903225806,1,19,10,20
3,7,0,0.95,1.3195712875668326,0.04,0.09090909090909091,0.05555555555555555,1,24,10,25
3,11,0,0.95,1.1534147271998418,0.04,0.09090909090909091,0.05555555555555555,1,24,10,25
11,7,0,0.95,1.3052933239992495,0.04,0.09090909090909091,0.05555555555555555,1,24,10,25
11,7,1,0.8,0.5433987835548945,0.030927835051546393,0.2727272727272727,0.05555555555555555,3,94,8,97
7,7,1,0.8,0.5377866589836492,0.030927835051546393,0.2727272727272727,0.05555555555555555,3,94,8,97
5,7,1,0.8,0.5768068438382992,0.030927835051546393,0.2727272727272727,0.05555555555555555,3,94,8,97
9,7,1,0.8,0.5264678104918091,0.030927835051546393,0.2727272727272727,0.05555555555555555,3,94,8,97
9,7,0,0.95,1.2457721626239064,0.04,0.09090909090909091,0.05555555555555555,1,24,10,25
9,7,0,0.8,0.5979440496398607,0.030927835051546393,0.2727272727272727,0.05555555555555555,3,94,8,97
7,7,0,0.95,1.2943435744210783,0.04,0.09090909090909091,0.05555555555555555,1,24,10,25
7,7,0,0.8,0.6080669870877565,0.030927835051546393,0.2727272727272727,0.05555555555555555,3,94,8,97
3,7,1,0.8,0.5818409237055967,0.030927835051546393,0.2727272727272727,0.05555555555555555,3,94,8,97
5,11,0,0.95,1.2279745993223303,0.04,0.09090909090909091,0.05555555555555555,1,24,10,25
5,7,0,0.95,1.3949762597023936,0.04,0.09090909090909091,0.05555555555555555,1,24,10,25
5,7,0,0.94,1.3075780213692445,0.034482758620689655,0.09090909090909091,0.05,1,28,10,29
9,7,0,0.94,1.1810254311021955,0.034482758620689655,0.09090909090909091,0.05,1,28,10,29
5,11,0,0.94,1.1465180813565032,0.034482758620689655,0.09090909090909091,0.05,1,28,10,29
11,7,0,0.94,1.232445389469516,0.034482758620689655,0.09090909090909091,0.05,1,28,10,29
3,7,0,0.94,1.2513439549048164,0.034482758620689655,0.09090909090909091,0.05,1,28,10,29
3,11,0,0.94,1.0797550823210038,0.034482758620689655,0.09090909090909091,0.05,1,28,10,29
7,7,0,0.94,1.263246546746662,0.034482758620689655,0.09090909090909091,0.05,1,28,10,29
11,7,0,0.85,0.7981985014694436,0.0273972602739726,0.18181818181818182,0.047619047619047616,2,71,9,73
5,7,0,0.92,1.237034138844277,0.02564102564102564,0.09090909090909091,0.04,1,38,10,39
11,7,0,0.92,1.088850684418343,0.02564102564102564,0.09090909090909091,0.04,1,38,10,39
3,7,0,0.92,1.1243344980305372,0.02564102564102564,0.09090909090909091,0.04,1,38,10,39
7,7,0,0.92,1.121094818617364,0.02564102564102564,0.09090909090909091,0.04,1,38,10,39
9,7,0,0.92,1.0719081840438573,0.02564102564102564,0.09090909090909091,0.04,1,38,10,39
3,7,0,0.8,0.6965703447398419,0.020618556701030927,0.18181818181818182,0.037037037037037035,2,95,9,97
11,7,0,0.8,0.6003886874862687,0.020618556701030927,0.18181818181818182,0.037037037037037035,2,95,9,97
3,7,0,0.9,1.0054663717007037,0.02040816326530612,0.09090909090909091,0.03333333333333333,1,48,10,49
5,7,0,0.9,1.1008741828410658,0.02040816326530612,0.09090909090909091,0.03333333333333333,1,48,10,49
11,7,0,0.9,0.9998485753396016,0.02040816326530612,0.09090909090909091,0.03333333333333333,1,48,10,49
7,7,0,0.9,1.0277959714367708,0.02040816326530612,0.09090909090909091,0.03333333333333333,1,48,10,49
9,7,0,0.9,0.9697955116413728,0.02040816326530612,0.09090909090909091,0.03333333333333333,1,48,10,49
9,7,0,0.88,0.8886937255692567,0.017241379310344827,0.09090909090909091,0.02898550724637681,1,57,10,58
7,7,0,0.88,0.9362476688475402,0.017241379310344827,0.09090909090909091,0.02898550724637681,1,57,10,58
3,7,0,0.88,0.9487069028156208,0.017241379310344827,0.09090909090909091,0.02898550724637681,1,57,10,58
5,7,0,0.88,1.001074157097019,0.017241379310344827,0.09090909090909091,0.02898550724637681,1,57,10,58
11,7,0,0.88,0.9236704796115567,0.017241379310344827,0.09090909090909091,0.02898550724637681,1,57,10,58
9,7,0,0.85,0.7579546479826381,0.0136986301369863,0.09090909090909091,0.023809523809523808,1,72,10,73
7,7,0,0.85,0.7546221822693646,0.0136986301369863,0.09090909090909091,0.023809523809523808,1,72,10,73
5,7,0,0.85,0.8319508142682293,0.0136986301369863,0.09090909090909091,0.023809523809523808,1,72,10,73
3,7,0,0.85,0.8431258778802356,0.0136986301369863,0.09090909090909091,0.023809523809523808,1,72,10,73
5,7,0,0.8,0.6721034995264715,0.010309278350515464,0.09090909090909091,0.018518518518518517,1,96,10,97
