amp_window,score_window,quantile,threshold,precision,recall,f1,TP,FP,FN,pred_count
9,31,0.92,1.518397711687915,0.23076923076923078,0.2647058823529412,0.24657534246575344,9,30,25,39
9,31,0.9,1.3645325826382697,0.20408163265306123,0.29411764705882354,0.24096385542168677,10,39,24,49
7,31,0.9,1.378499792741731,0.20408163265306123,0.29411764705882354,0.24096385542168677,10,39,24,49
9,31,0.88,1.176706208227109,0.1896551724137931,0.3235294117647059,0.2391304347826087,11,47,23,58
11,31,0.88,1.1810928078576417,0.1896551724137931,0.3235294117647059,0.2391304347826087,11,47,23,58
3,31,0.85,0.9571839146649719,0.1643835616438356,0.35294117647058826,0.22429906542056072,12,61,22,73
9,31,0.94,1.7779905689577482,0.2413793103448276,0.20588235294117646,0.22222222222222224,7,22,27,29
9,31,0.96,1.8999480018286101,0.3,0.17647058823529413,0.22222222222222224,6,14,28,20
9,27,0.96,1.8024458206839968,0.3,0.17647058823529413,0.22222222222222224,6,14,28,20
3,31,0.94,1.6120041422262519,0.2413793103448276,0.20588235294117646,0.22222222222222224,7,22,27,29
7,31,0.96,2.051466500961035,0.3,0.17647058823529413,0.22222222222222224,6,14,28,20
7,31,0.94,1.6426382010977958,0.2413793103448276,0.20588235294117646,0.22222222222222224,7,22,27,29
11,31,0.96,2.0327235869552576,0.3,0.17647058823529413,0.22222222222222224,6,14,28,20
11,31,0.94,1.7790971891293539,0.2413793103448276,0.20588235294117646,0.22222222222222224,7,22,27,29
3,31,0.92,1.4615284116528366,0.20512820512820512,0.23529411764705882,0.2191780821917808,8,31,26,39
5,31,0.88,1.2391585473286817,0.1724137931034483,0.29411764705882354,0.2173913043478261,10,48,24,58
7,31,0.88,1.2487939278187308,0.1724137931034483,0.29411764705882354,0.2173913043478261,10,48,24,58
11,27,0.88,1.1032988540731645,0.1724137931034483,0.29411764705882354,0.2173913043478261,10,48,24,58
9,27,0.9,1.2660796359506414,0.1836734693877551,0.2647058823529412,0.21686746987951805,9,40,25,49
11,27,0.9,1.2485601136953224,0.1836734693877551,0.2647058823529412,0.21686746987951805,9,40,25,49
5,31,0.9,1.356270849783341,0.1836734693877551,0.2647058823529412,0.21686746987951805,9,40,25,49
11,31,0.9,1.338076485404495,0.1836734693877551,0.2647058823529412,0.21686746987951805,9,40,25,49
11,31,0.85,0.9517949953183601,0.1506849315068493,0.3235294117647059,0.205607476635514,11,62,23,73
7,31,0.85,1.0401173205112002,0.1506849315068493,0.3235294117647059,0.205607476635514,11,62,23,73
5,31,0.85,1.0823190277720895,0.1506849315068493,0.3235294117647059,0.205607476635514,11,62,23,73
11,27,0.85,0.9169811796351748,0.1506849315068493,0.3235294117647059,0.205607476635514,11,62,23,73
9,31,0.85,0.9586655194405672,0.1506849315068493,0.3235294117647059,0.205607476635514,11,62,23,73
9,27,0.85,0.9130070551631103,0.1506849315068493,0.3235294117647059,0.205607476635514,11,62,23,73
3,31,0.97,2.2066155629276234,0.3333333333333333,0.14705882352941177,0.20408163265306123,5,10,29,15
9,31,0.97,2.145388462164945,0.3333333333333333,0.14705882352941177,0.20408163265306123,5,10,29,15
5,31,0.97,2.0961612446271465,0.3333333333333333,0.14705882352941177,0.20408163265306123,5,10,29,15
7,31,0.97,2.18081658508432,0.3333333333333333,0.14705882352941177,0.20408163265306123,5,10,29,15
9,31,0.95,1.8447378401867514,0.24,0.17647058823529413,0.20338983050847456,6,19,28,25
9,27,0.95,1.6657261612496919,0.24,0.17647058823529413,0.20338983050847456,6,19,28,25
7,31,0.95,1.82046579311093,0.24,0.17647058823529413,0.20338983050847456,6,19,28,25
7,27,0.95,1.6427434941771957,0.24,0.17647058823529413,0.20338983050847456,6,19,28,25
11,31,0.95,1.914572377436543,0.24,0.17647058823529413,0.20338983050847456,6,19,28,25
5,31,0.95,1.789697597623175,0.24,0.17647058823529413,0.20338983050847456,6,19,28,25
9,31,0.8,0.6844292333901368,0.13402061855670103,0.38235294117647056,0.1984732824427481,13,84,21,97
11,31,0.8,0.6518360379943632,0.13402061855670103,0.38235294117647056,0.1984732824427481,13,84,21,97
5,31,0.8,0.7222415816715858,0.13402061855670103,0.38235294117647056,0.1984732824427481,13,84,21,97
3,31,0.8,0.7099411950857941,0.13402061855670103,0.38235294117647056,0.1984732824427481,13,84,21,97
7,31,0.8,0.7593048538435643,0.13402061855670103,0.38235294117647056,0.1984732824427481,13,84,21,97
3,27,0.88,1.128363272327834,0.15517241379310345,0.2647058823529412,0.1956521739130435,9,49,25,58
9,27,0.88,1.113265462382236,0.15517241379310345,0.2647058823529412,0.1956521739130435,9,49,25,58
3,31,0.88,1.156919124749279,0.15517241379310345,0.2647058823529412,0.1956521739130435,9,49,25,58
5,27,0.88,1.15641310563915,0.15517241379310345,0.2647058823529412,0.1956521739130435,9,49,25,58
3,31,0.9,1.3130158205877596,0.16326530612244897,0.23529411764705882,0.19277108433734938,8,41,26,49
3,27,0.9,1.1690258590516842,0.16326530612244897,0.23529411764705882,0.19277108433734938,8,41,26,49
7,27,0.9,1.2671252335474525,0.16326530612244897,0.23529411764705882,0.19277108433734938,8,41,26,49
7,27,0.92,1.353280175745367,0.1794871794871795,0.20588235294117646,0.19178082191780824,7,32,27,39
7,31,0.92,1.508448389250581,0.1794871794871795,0.20588235294117646,0.19178082191780824,7,32,27,39
11,31,0.92,1.6500491108552997,0.1794871794871795,0.20588235294117646,0.19178082191780824,7,32,27,39
9,27,0.92,1.4005091183316616,0.1794871794871795,0.20588235294117646,0.19178082191780824,7,32,27,39
5,31,0.92,1.4738434481961717,0.1794871794871795,0.20588235294117646,0.19178082191780824,7,32,27,39
11,27,0.92,1.4935006884098583,0.1794871794871795,0.20588235294117646,0.19178082191780824,7,32,27,39
5,27,0.92,1.371521536084263,0.1794871794871795,0.20588235294117646,0.19178082191780824,7,32,27,39
3,27,0.92,1.3279892484309577,0.1794871794871795,0.20588235294117646,0.19178082191780824,7,32,27,39
5,27,0.94,1.5536727366039862,0.20689655172413793,0.17647058823529413,0.19047619047619047,6,23,28,29
7,27,0.94,1.4761583372410392,0.20689655172413793,0.17647058823529413,0.19047619047619047,6,23,28,29
5,31,0.94,1.69876424114029,0.20689655172413793,0.17647058823529413,0.19047619047619047,6,23,28,29
11,27,0.94,1.644642365214587,0.20689655172413793,0.17647058823529413,0.19047619047619047,6,23,28,29
9,27,0.94,1.5502788176749345,0.20689655172413793,0.17647058823529413,0.19047619047619047,6,23,28,29
3,27,0.85,0.9304941441750502,0.136986301369863,0.29411764705882354,0.18691588785046728,10,63,24,73
7,27,0.85,1.0176855664505429,0.136986301369863,0.29411764705882354,0.18691588785046728,10,63,24,73
5,27,0.85,0.9756220244974337,0.136986301369863,0.29411764705882354,0.18691588785046728,10,63,24,73
3,27,0.96,1.8564736261761086,0.25,0.14705882352941177,0.18518518518518517,5,15,29,20
5,31,0.96,1.91788270922755,0.25,0.14705882352941177,0.18518518518518517,5,15,29,20
7,27,0.96,1.8088303834378971,0.25,0.14705882352941177,0.18518518518518517,5,15,29,20
3,31,0.96,1.9190088217388275,0.25,0.14705882352941177,0.18518518518518517,5,15,29,20
5,27,0.96,1.7518648827268033,0.25,0.14705882352941177,0.18518518518518517,5,15,29,20
3,27,0.8,0.7010853482924265,0.12371134020618557,0.35294117647058826,0.183206106870229,12,85,22,97
11,27,0.8,0.6645373119325378,0.12371134020618557,0.35294117647058826,0.183206106870229,12,85,22,97
9,27,0.8,0.6684253912381904,0.12371134020618557,0.35294117647058826,0.183206106870229,12,85,22,97
5,27,0.8,0.6861968072402915,0.12371134020618557,0.35294117647058826,0.183206106870229,12,85,22,97
7,27,0.8,0.7150697670762677,0.12371134020618557,0.35294117647058826,0.183206106870229,12,85,22,97
11,21,0.88,0.9830271826929421,0.13793103448275862,0.23529411764705882,0.17391304347826086,8,50,26,58
7,27,0.88,1.1709489254765155,0.13793103448275862,0.23529411764705882,0.17391304347826086,8,50,26,58
3,31,0.95,1.8462596299163962,0.2,0.14705882352941177,0.16949152542372883,5,20,29,25
3,27,0.95,1.624982946835171,0.2,0.14705882352941177,0.16949152542372883,5,20,29,25
11,27,0.95,1.7626357746772119,0.2,0.14705882352941177,0.16949152542372883,5,20,29,25
5,27,0.95,1.681046232977203,0.2,0.14705882352941177,0.16949152542372883,5,20,29,25
5,27,0.9,1.2965094020621788,0.14285714285714285,0.20588235294117646,0.1686746987951807,7,42,27,49
11,21,0.85,0.8497411693158887,0.1232876712328767,0.2647058823529412,0.16822429906542055,9,64,25,73
9,21,0.85,0.7989402524979315,0.1232876712328767,0.2647058823529412,0.16822429906542055,9,64,25,73
11,21,0.8,0.5885264541702601,0.1134020618556701,0.3235294117647059,0.16793893129770993,11,86,23,97
7,21,0.8,0.6541689176238279,0.1134020618556701,0.3235294117647059,0.16793893129770993,11,86,23,97
9,21,0.8,0.5853492068813941,0.1134020618556701,0.3235294117647059,0.16793893129770993,11,86,23,97
9,21,0.92,1.2452027329133053,0.15384615384615385,0.17647058823529413,0.1643835616438356,6,33,28,39
7,21,0.92,1.1635493054728128,0.15384615384615385,0.17647058823529413,0.1643835616438356,6,33,28,39
9,27,0.97,1.8777469429770923,0.26666666666666666,0.11764705882352941,0.163265306122449,4,11,30,15
11,31,0.97,2.2560833238851297,0.26666666666666666,0.11764705882352941,0.163265306122449,4,11,30,15
5,27,0.97,1.917819111965347,0.26666666666666666,0.11764705882352941,0.163265306122449,4,11,30,15
3,27,0.97,1.9473511351476556,0.26666666666666666,0.11764705882352941,0.163265306122449,4,11,30,15
3,21,0.94,1.3191655069077135,0.1724137931034483,0.14705882352941177,0.15873015873015872,5,24,29,29
3,27,0.94,1.5376511546316578,0.1724137931034483,0.14705882352941177,0.15873015873015872,5,24,29,29
5,21,0.8,0.6644504910370871,0.10309278350515463,0.29411764705882354,0.15267175572519082,10,87,24,97
3,21,0.8,0.6231231976664175,0.10309278350515463,0.29411764705882354,0.15267175572519082,10,87,24,97
7,21,0.88,0.967553849383127,0.1206896551724138,0.20588235294117646,0.15217391304347824,7,51,27,58
9,21,0.88,0.954720739988831,0.1206896551724138,0.20588235294117646,0.15217391304347824,7,51,27,58
3,21,0.85,0.8485533376786116,0.1095890410958904,0.23529411764705882,0.14953271028037382,8,65,26,73
7,21,0.85,0.8845203050849493,0.1095890410958904,0.23529411764705882,0.14953271028037382,8,65,26,73
11,27,0.96,1.8791404631948907,0.2,0.11764705882352941,0.14814814814814817,4,16,30,20
7,21,0.9,1.084528954913481,0.12244897959183673,0.17647058823529413,0.14457831325301204,6,43,28,49
5,21,0.9,1.0559135718697228,0.12244897959183673,0.17647058823529413,0.14457831325301204,6,43,28,49
9,21,0.9,1.08212808460394,0.12244897959183673,0.17647058823529413,0.14457831325301204,6,43,28,49
11,21,0.9,1.080728410398102,0.12244897959183673,0.17647058823529413,0.14457831325301204,6,43,28,49
5,21,0.92,1.2078637664406175,0.1282051282051282,0.14705882352941177,0.136986301369863,5,34,29,39
3,21,0.92,1.1966230028024127,0.1282051282051282,0.14705882352941177,0.136986301369863,5,34,29,39
5,27,0.98,1.9887358996371611,0.3,0.08823529411764706,0.13636363636363635,3,7,31,10
9,31,0.98,2.30582083278011,0.3,0.08823529411764706,0.13636363636363635,3,7,31,10
9,27,0.98,1.9694175803535452,0.3,0.08823529411764706,0.13636363636363635,3,7,31,10
7,31,0.98,2.245858608619797,0.3,0.08823529411764706,0.13636363636363635,3,7,31,10
3,31,0.98,2.3125590826815285,0.3,0.08823529411764706,0.13636363636363635,3,7,31,10
11,27,0.98,2.1050601934135758,0.3,0.08823529411764706,0.13636363636363635,3,7,31,10
5,31,0.98,2.2619701670356473,0.3,0.08823529411764706,0.13636363636363635,3,7,31,10
11,31,0.98,2.401608091106555,0.3,0.08823529411764706,0.13636363636363635,3,7,31,10
3,21,0.95,1.4071228109275744,0.16,0.11764705882352941,0.13559322033898305,4,21,30,25
9,21,0.95,1.4320238045455869,0.16,0.11764705882352941,0.13559322033898305,4,21,30,25
5,21,0.85,0.8683950015229148,0.0958904109589041,0.20588235294117646,0.1308411214953271,7,66,27,73
5,21,0.88,0.9898892502871728,0.10344827586206896,0.17647058823529413,0.13043478260869565,6,52,28,58
3,21,0.88,0.9964033725603716,0.10344827586206896,0.17647058823529413,0.13043478260869565,6,52,28,58
7,21,0.94,1.3495106459915895,0.13793103448275862,0.11764705882352941,0.126984126984127,4,25,30,29
5,21,0.94,1.3904235420166902,0.13793103448275862,0.11764705882352941,0.126984126984127,4,25,30,29
11,21,0.94,1.4191667291189807,0.13793103448275862,0.11764705882352941,0.126984126984127,4,25,30,29
9,21,0.94,1.3320052080065634,0.13793103448275862,0.11764705882352941,0.126984126984127,4,25,30,29
7,27,0.97,1.915628013763288,0.2,0.08823529411764706,0.12244897959183675,3,12,31,15
11,27,0.97,1.9852518127675438,0.2,0.08823529411764706,0.12244897959183675,3,12,31,15
11,15,0.8,0.54911077048405,0.08247422680412371,0.23529411764705882,0.12213740458015268,8,89,26,97
9,15,0.8,0.5616490486591008,0.08247422680412371,0.23529411764705882,0.12213740458015268,8,89,26,97
7,15,0.8,0.6052221796662948,0.08247422680412371,0.23529411764705882,0.12213740458015268,8,89,26,97
3,15,0.8,0.5929183286590847,0.08247422680412371,0.23529411764705882,0.12213740458015268,8,89,26,97
3,21,0.9,1.0836313246823552,0.10204081632653061,0.14705882352941177,0.12048192771084339,5,44,29,49
3,15,0.85,0.7640956066197301,0.0821917808219178,0.17647058823529413,0.11214953271028036,6,67,28,73
5,15,0.85,0.7792184031448045,0.0821917808219178,0.17647058823529413,0.11214953271028036,6,67,28,73
11,7,0.85,0.7981985014694436,0.0821917808219178,0.17647058823529413,0.11214953271028036,6,67,28,73
11,15,0.85,0.7291392696374693,0.0821917808219178,0.17647058823529413,0.11214953271028036,6,67,28,73
11,21,0.96,1.5413013568306637,0.15,0.08823529411764706,0.11111111111111112,3,17,31,20
3,21,0.96,1.4988962373974761,0.15,0.08823529411764706,0.11111111111111112,3,17,31,20
9,21,0.96,1.5146633020946183,0.15,0.08823529411764706,0.11111111111111112,3,17,31,20
9,15,0.92,1.0739756063402353,0.10256410256410256,0.11764705882352941,0.1095890410958904,4,35,30,39
11,15,0.92,1.1692855794803225,0.10256410256410256,0.11764705882352941,0.1095890410958904,4,35,30,39
11,21,0.92,1.233241810505839,0.10256410256410256,0.11764705882352941,0.1095890410958904,4,35,30,39
7,11,0.88,0.8442724245223856,0.08620689655172414,0.14705882352941177,0.10869565217391305,5,53,29,58
5,15,0.88,0.888196377483494,0.08620689655172414,0.14705882352941177,0.10869565217391305,5,53,29,58
9,15,0.88,0.8713686866373324,0.08620689655172414,0.14705882352941177,0.10869565217391305,5,53,29,58
9,11,0.88,0.86669361223263,0.08620689655172414,0.14705882352941177,0.10869565217391305,5,53,29,58
11,11,0.88,0.8464238547357316,0.08620689655172414,0.14705882352941177,0.10869565217391305,5,53,29,58
7,15,0.88,0.8236765713368849,0.08620689655172414,0.14705882352941177,0.10869565217391305,5,53,29,58
5,15,0.8,0.6187814436795438,0.07216494845360824,0.20588235294117646,0.10687022900763357,7,90,27,97
11,7,0.8,0.6003886874862687,0.07216494845360824,0.20588235294117646,0.10687022900763357,7,90,27,97
11,11,0.8,0.5068095254754627,0.07216494845360824,0.20588235294117646,0.10687022900763357,7,90,27,97
11,21,0.95,1.4864453871960328,0.12,0.08823529411764706,0.10169491525423728,3,22,31,25
11,15,0.95,1.340489965703234,0.12,0.08823529411764706,0.10169491525423728,3,22,31,25
7,21,0.95,1.415237544541625,0.12,0.08823529411764706,0.10169491525423728,3,22,31,25
7,15,0.9,0.9387569534903425,0.08163265306122448,0.11764705882352941,0.09638554216867469,4,45,30,49
9,15,0.9,0.965778567372646,0.08163265306122448,0.11764705882352941,0.09638554216867469,4,45,30,49
11,11,0.9,0.9173020125887316,0.08163265306122448,0.11764705882352941,0.09638554216867469,4,45,30,49
11,15,0.9,1.0390783112679882,0.08163265306122448,0.11764705882352941,0.09638554216867469,4,45,30,49
9,15,0.94,1.2390413525328245,0.10344827586206896,0.08823529411764706,0.09523809523809523,3,26,31,29
11,15,0.94,1.267189273619685,0.10344827586206896,0.08823529411764706,0.09523809523809523,3,26,31,29
9,11,0.85,0.7248723431555972,0.0684931506849315,0.14705882352941177,0.09345794392523364,5,68,29,73
5,11,0.85,0.7874259641407226,0.0684931506849315,0.14705882352941177,0.09345794392523364,5,68,29,73
11,11,0.85,0.7018042396780659,0.0684931506849315,0.14705882352941177,0.09345794392523364,5,68,29,73
9,15,0.85,0.7372967613002287,0.0684931506849315,0.14705882352941177,0.09345794392523364,5,68,29,73
3,11,0.85,0.7716245395257102,0.0684931506849315,0.14705882352941177,0.09345794392523364,5,68,29,73
7,15,0.85,0.7514221408249909,0.0684931506849315,0.14705882352941177,0.09345794392523364,5,68,29,73
7,11,0.85,0.742232219876459,0.0684931506849315,0.14705882352941177,0.09345794392523364,5,68,29,73
9,11,0.8,0.5578706664106642,0.061855670103092786,0.17647058823529413,0.0916030534351145,6,91,28,97
9,7,0.8,0.5979440496398607,0.061855670103092786,0.17647058823529413,0.0916030534351145,6,91,28,97
5,21,0.98,1.777836517063754,0.2,0.058823529411764705,0.0909090909090909,2,8,32,10
11,21,0.98,1.8659430321794646,0.2,0.058823529411764705,0.0909090909090909,2,8,32,10
7,27,0.98,2.014344600126063,0.2,0.058823529411764705,0.0909090909090909,2,8,32,10
3,21,0.98,1.8021801687718495,0.2,0.058823529411764705,0.0909090909090909,2,8,32,10
7,21,0.98,1.8606201254135089,0.2,0.058823529411764705,0.0909090909090909,2,8,32,10
3,27,0.98,2.0810242958477088,0.2,0.058823529411764705,0.0909090909090909,2,8,32,10
9,21,0.98,1.7768689656518664,0.2,0.058823529411764705,0.0909090909090909,2,8,32,10
11,15,0.88,0.8733974206916518,0.06896551724137931,0.11764705882352941,0.08695652173913043,4,54,30,58
5,11,0.88,0.8751652894886641,0.06896551724137931,0.11764705882352941,0.08695652173913043,4,54,30,58
11,7,0.88,0.9236704796115567,0.06896551724137931,0.11764705882352941,0.08695652173913043,4,54,30,58
3,11,0.88,0.8611016436026226,0.06896551724137931,0.11764705882352941,0.08695652173913043,4,54,30,58
11,11,0.92,1.0483295663335273,0.07692307692307693,0.08823529411764706,0.0821917808219178,3,36,31,39
11,7,0.92,1.088850684418343,0.07692307692307693,0.08823529411764706,0.0821917808219178,3,36,31,39
9,11,0.92,1.0004044677564228,0.07692307692307693,0.08823529411764706,0.0821917808219178,3,36,31,39
7,15,0.92,1.0936560691948995,0.07692307692307693,0.08823529411764706,0.0821917808219178,3,36,31,39
11,21,0.97,1.7177324013057218,0.13333333333333333,0.058823529411764705,0.0816326530612245,2,13,32,15
5,21,0.97,1.600879782682245,0.13333333333333333,0.058823529411764705,0.0816326530612245,2,13,32,15
7,15,0.97,1.444082561836976,0.13333333333333333,0.058823529411764705,0.0816326530612245,2,13,32,15
3,15,0.97,1.3858129771361716,0.13333333333333333,0.058823529411764705,0.0816326530612245,2,13,32,15
11,11,0.97,1.4985578462797504,0.13333333333333333,0.058823529411764705,0.0816326530612245,2,13,32,15
3,21,0.97,1.5813139871903688,0.13333333333333333,0.058823529411764705,0.0816326530612245,2,13,32,15
9,21,0.97,1.595153319898693,0.13333333333333333,0.058823529411764705,0.0816326530612245,2,13,32,15
7,21,0.97,1.5476287119720842,0.13333333333333333,0.058823529411764705,0.0816326530612245,2,13,32,15
11,7,0.97,1.5569808080391796,0.13333333333333333,0.058823529411764705,0.0816326530612245,2,13,32,15
9,7,0.97,1.5075212891459187,0.13333333333333333,0.058823529411764705,0.0816326530612245,2,13,32,15
5,11,0.8,0.5553471011883764,0.05154639175257732,0.14705882352941177,0.07633587786259541,5,92,29,97
3,11,0.8,0.583392346522508,0.05154639175257732,0.14705882352941177,0.07633587786259541,5,92,29,97
7,11,0.8,0.580086786117064,0.05154639175257732,0.14705882352941177,0.07633587786259541,5,92,29,97
7,7,0.8,0.6080669870877565,0.05154639175257732,0.14705882352941177,0.07633587786259541,5,92,29,97
11,11,0.96,1.4147801963177495,0.1,0.058823529411764705,0.07407407407407408,2,18,32,20
9,11,0.96,1.2597986667331025,0.1,0.058823529411764705,0.07407407407407408,2,18,32,20
9,15,0.96,1.4303292861550283,0.1,0.058823529411764705,0.07407407407407408,2,18,32,20
3,15,0.96,1.3201109138629854,0.1,0.058823529411764705,0.07407407407407408,2,18,32,20
11,15,0.96,1.444211817068073,0.1,0.058823529411764705,0.07407407407407408,2,18,32,20
11,7,0.96,1.4376148240111997,0.1,0.058823529411764705,0.07407407407407408,2,18,32,20
7,11,0.96,1.2262460910658783,0.1,0.058823529411764705,0.07407407407407408,2,18,32,20
5,15,0.96,1.4098779242379533,0.1,0.058823529411764705,0.07407407407407408,2,18,32,20
5,21,0.96,1.5278562463596135,0.1,0.058823529411764705,0.07407407407407408,2,18,32,20
7,15,0.96,1.3870143155222128,0.1,0.058823529411764705,0.07407407407407408,2,18,32,20
9,7,0.96,1.3607474879613781,0.1,0.058823529411764705,0.07407407407407408,2,18,32,20
7,21,0.96,1.4852334688108841,0.1,0.058823529411764705,0.07407407407407408,2,18,32,20
7,11,0.9,0.8883099083474597,0.061224489795918366,0.08823529411764706,0.07228915662650602,3,46,31,49
11,7,0.9,0.9998485753396016,0.061224489795918366,0.08823529411764706,0.07228915662650602,3,46,31,49
5,15,0.9,0.974885601823892,0.061224489795918366,0.08823529411764706,0.07228915662650602,3,46,31,49
9,11,0.9,0.9207431400091322,0.061224489795918366,0.08823529411764706,0.07228915662650602,3,46,31,49
9,7,0.9,0.9697955116413728,0.061224489795918366,0.08823529411764706,0.07228915662650602,3,46,31,49
5,15,0.95,1.2684956624015775,0.08,0.058823529411764705,0.06779661016949153,2,23,32,25
11,11,0.95,1.3359509496677962,0.08,0.058823529411764705,0.06779661016949153,2,23,32,25
11,7,0.95,1.3052933239992495,0.08,0.058823529411764705,0.06779661016949153,2,23,32,25
3,15,0.95,1.2305595429738816,0.08,0.058823529411764705,0.06779661016949153,2,23,32,25
9,11,0.95,1.2039218886901852,0.08,0.058823529411764705,0.06779661016949153,2,23,32,25
9,7,0.95,1.2457721626239064,0.08,0.058823529411764705,0.06779661016949153,2,23,32,25
9,15,0.95,1.311369691770147,0.08,0.058823529411764705,0.06779661016949153,2,23,32,25
7,15,0.95,1.3205574986310569,0.08,0.058823529411764705,0.06779661016949153,2,23,32,25
5,21,0.95,1.4762430713452444,0.08,0.058823529411764705,0.06779661016949153,2,23,32,25
7,11,0.95,1.151179683440133,0.08,0.058823529411764705,0.06779661016949153,2,23,32,25
9,7,0.88,0.8886937255692567,0.05172413793103448,0.08823529411764706,0.06521739130434782,3,55,31,58
3,15,0.88,0.891142874723072,0.05172413793103448,0.08823529411764706,0.06521739130434782,3,55,31,58
9,11,0.94,1.1382945987317654,0.06896551724137931,0.058823529411764705,0.0634920634920635,2,27,32,29
9,7,0.94,1.1810254311021955,0.06896551724137931,0.058823529411764705,0.0634920634920635,2,27,32,29
5,15,0.94,1.2169570155366223,0.06896551724137931,0.058823529411764705,0.0634920634920635,2,27,32,29
7,15,0.94,1.1835588103809376,0.06896551724137931,0.058823529411764705,0.0634920634920635,2,27,32,29
7,11,0.94,1.0685972082687716,0.06896551724137931,0.058823529411764705,0.0634920634920635,2,27,32,29
3,15,0.94,1.151649787751286,0.06896551724137931,0.058823529411764705,0.0634920634920635,2,27,32,29
11,11,0.94,1.2197567633564175,0.06896551724137931,0.058823529411764705,0.0634920634920635,2,27,32,29
11,7,0.94,1.232445389469516,0.06896551724137931,0.058823529411764705,0.0634920634920635,2,27,32,29
7,7,0.85,0.7546221822693646,0.0410958904109589,0.08823529411764706,0.05607476635514018,3,70,31,73
9,7,0.85,0.7579546479826381,0.0410958904109589,0.08823529411764706,0.05607476635514018,3,70,31,73
7,7,0.92,1.121094818617364,0.05128205128205128,0.058823529411764705,0.0547945205479452,2,37,32,39
7,11,0.92,0.9400192548920365,0.05128205128205128,0.058823529411764705,0.0547945205479452,2,37,32,39
3,15,0.92,1.039981967577292,0.05128205128205128,0.058823529411764705,0.0547945205479452,2,37,32,39
9,7,0.92,1.0719081840438573,0.05128205128205128,0.058823529411764705,0.0547945205479452,2,37,32,39
5,11,0.92,1.0233872068853707,0.05128205128205128,0.058823529411764705,0.0547945205479452,2,37,32,39
3,11,0.92,0.9824929573294731,0.05128205128205128,0.058823529411764705,0.0547945205479452,2,37,32,39
5,15,0.92,1.05622348964818,0.05128205128205128,0.058823529411764705,0.0547945205479452,2,37,32,39
5,11,0.9,0.9488764433836508,0.04081632653061224,0.058823529411764705,0.048192771084337345,2,47,32,49
3,11,0.9,0.924016054609265,0.04081632653061224,0.058823529411764705,0.048192771084337345,2,47,32,49
3,15,0.9,0.9901793659540059,0.04081632653061224,0.058823529411764705,0.048192771084337345,2,47,32,49
7,7,0.9,1.0277959714367708,0.04081632653061224,0.058823529411764705,0.048192771084337345,2,47,32,49
3,7,0.8,0.6965703447398419,0.030927835051546393,0.08823529411764706,0.04580152671755725,3,94,31,97
5,7,0.8,0.6721034995264715,0.030927835051546393,0.08823529411764706,0.04580152671755725,3,94,31,97
9,11,0.98,1.5102099407702123,0.1,0.029411764705882353,0.04545454545454545,1,9,33,10
7,7,0.98,1.7211049010785,0.1,0.029411764705882353,0.04545454545454545,1,9,33,10
3,11,0.98,1.5140540525169808,0.1,0.029411764705882353,0.04545454545454545,1,9,33,10
7,15,0.98,1.5545934178790466,0.1,0.029411764705882353,0.04545454545454545,1,9,33,10
5,15,0.98,1.723629754213175,0.1,0.029411764705882353,0.04545454545454545,1,9,33,10
3,7,0.98,1.6677261132931718,0.1,0.029411764705882353,0.04545454545454545,1,9,33,10
9,7,0.98,1.6158941405729643,0.1,0.029411764705882353,0.04545454545454545,1,9,33,10
5,11,0.98,1.515569530697913,0.1,0.029411764705882353,0.04545454545454545,1,9,33,10
11,7,0.98,1.9504550053968617,0.1,0.029411764705882353,0.04545454545454545,1,9,33,10
11,11,0.98,1.5187070025476703,0.1,0.029411764705882353,0.04545454545454545,1,9,33,10
3,15,0.98,1.5697463764331525,0.1,0.029411764705882353,0.04545454545454545,1,9,33,10
11,15,0.98,1.6556646145863412,0.1,0.029411764705882353,0.04545454545454545,1,9,33,10
5,7,0.98,1.689419643001786,0.1,0.029411764705882353,0.04545454545454545,1,9,33,10
9,15,0.98,1.5950091256736745,0.1,0.029411764705882353,0.04545454545454545,1,9,33,10
7,11,0.98,1.5386748377118826,0.1,0.029411764705882353,0.04545454545454545,1,9,33,10
7,7,0.88,0.9362476688475402,0.034482758620689655,0.058823529411764705,0.043478260869565216,2,56,32,58
3,7,0.97,1.5910431098669373,0.06666666666666667,0.029411764705882353,0.04081632653061225,1,14,33,15
9,15,0.97,1.488933110716605,0.06666666666666667,0.029411764705882353,0.04081632653061225,1,14,33,15
11,15,0.97,1.5179780770198883,0.06666666666666667,0.029411764705882353,0.04081632653061225,1,14,33,15
7,7,0.97,1.495563474907821,0.06666666666666667,0.029411764705882353,0.04081632653061225,1,14,33,15
5,15,0.97,1.5579611186678355,0.06666666666666667,0.029411764705882353,0.04081632653061225,1,14,33,15
3,11,0.97,1.3635217082637803,0.06666666666666667,0.029411764705882353,0.04081632653061225,1,14,33,15
9,11,0.97,1.4395676864318114,0.06666666666666667,0.029411764705882353,0.04081632653061225,1,14,33,15
5,11,0.97,1.3535503205711217,0.06666666666666667,0.029411764705882353,0.04081632653061225,1,14,33,15
5,7,0.97,1.5448351050362776,0.06666666666666667,0.029411764705882353,0.04081632653061225,1,14,33,15
7,11,0.97,1.360242368004357,0.06666666666666667,0.029411764705882353,0.04081632653061225,1,14,33,15
5,7,0.85,0.8319508142682293,0.0273972602739726,0.058823529411764705,0.037383177570093455,2,71,32,73
3,7,0.96,1.4748231862208572,0.05,0.029411764705882353,0.03703703703703704,1,19,33,20
5,11,0.96,1.2874194598821873,0.05,0.029411764705882353,0.03703703703703704,1,19,33,20
5,7,0.96,1.4491162291503406,0.05,0.029411764705882353,0.03703703703703704,1,19,33,20
3,11,0.96,1.1899402094571307,0.05,0.029411764705882353,0.03703703703703704,1,19,33,20
7,7,0.96,1.4158136088594775,0.05,0.029411764705882353,0.03703703703703704,1,19,33,20
3,7,0.95,1.3195712875668326,0.04,0.029411764705882353,0.03389830508474576,1,24,33,25
3,11,0.95,1.1534147271998418,0.04,0.029411764705882353,0.03389830508474576,1,24,33,25
5,11,0.95,1.2279745993223303,0.04,0.029411764705882353,0.03389830508474576,1,24,33,25
5,7,0.95,1.3949762597023936,0.04,0.029411764705882353,0.03389830508474576,1,24,33,25
7,7,0.95,1.2943435744210783,0.04,0.029411764705882353,0.03389830508474576,1,24,33,25
3,7,0.94,1.2513439549048164,0.034482758620689655,0.029411764705882353,0.03174603174603175,1,28,33,29
3,11,0.94,1.0797550823210038,0.034482758620689655,0.029411764705882353,0.03174603174603175,1,28,33,29
7,7,0.94,1.263246546746662,0.034482758620689655,0.029411764705882353,0.03174603174603175,1,28,33,29
5,11,0.94,1.1465180813565032,0.034482758620689655,0.029411764705882353,0.03174603174603175,1,28,33,29
5,7,0.94,1.3075780213692445,0.034482758620689655,0.029411764705882353,0.03174603174603175,1,28,33,29
3,7,0.92,1.1243344980305372,0.02564102564102564,0.029411764705882353,0.0273972602739726,1,38,33,39
5,7,0.92,1.237034138844277,0.02564102564102564,0.029411764705882353,0.0273972602739726,1,38,33,39
5,7,0.9,1.1008741828410658,0.02040816326530612,0.029411764705882353,0.024096385542168672,1,48,33,49
3,7,0.9,1.0054663717007037,0.02040816326530612,0.029411764705882353,0.024096385542168672,1,48,33,49
5,7,0.88,1.001074157097019,0.017241379310344827,0.029411764705882353,0.021739130434782608,1,57,33,58
3,7,0.88,0.9487069028156208,0.017241379310344827,0.029411764705882353,0.021739130434782608,1,57,33,58
3,7,0.85,0.8431258778802356,0.0136986301369863,0.029411764705882353,0.018691588785046728,1,72,33,73
